,return,vix,return
2010-01-04,0.006912260999999999,20.04,4.777935213212099e-05
2010-01-05,0.001351006,19.35,1.8252172120360003e-06
2010-01-06,0.000236854,19.16,5.6099817316e-08
2010-01-07,0.001734261,19.06,3.007661216121e-06
2010-01-08,0.001249704,18.13,1.5617600876159998e-06
2010-01-11,0.000757944,17.55,5.74479107136e-07
2010-01-12,-0.004093416,18.25,1.6756054549056e-05
2010-01-13,0.003600902,17.85,1.2966495213604e-05
2010-01-14,0.001052542,17.63,1.1078446617640001e-06
2010-01-15,-0.004726073,17.91,2.2335766001329e-05
2010-01-19,0.00539489,17.58,2.9104838112100003e-05
2010-01-20,-0.0046271640000000005,18.68,2.1410646682896004e-05
2010-01-21,-0.008306579,22.27,6.899925468324099e-05
2010-01-22,-0.009723769,27.31,9.455168356536101e-05
2010-01-25,0.001992344,25.41,3.969434614336e-06
2010-01-26,-0.001829279,24.55,3.3462616598410004e-06
2010-01-27,0.002114286,23.14,4.470205289796e-06
2010-01-28,-0.005162959,23.73,2.6656145635681e-05
2010-01-29,-0.00428986,24.62,1.8402898819600004e-05
2010-02-01,0.006151935,22.59,3.7846304244225e-05
2010-02-02,0.005597845,21.48,3.1335868644025e-05
2010-02-03,-0.002384027,21.6,5.6835847367289995e-06
2010-02-04,-0.01373926,26.08,0.0001887672653476
2010-02-05,0.001256402,26.11,1.578545985604e-06
2010-02-08,-0.003866458,26.51,1.4949497465764e-05
2010-02-09,0.005626639,26.0,3.1659066436321e-05
2010-02-10,-0.000970672,25.4,9.42204131584e-07
2010-02-11,0.004183956,23.96,1.7505487809936e-05
2010-02-12,-0.001193616,22.73,1.424719155456e-06
2010-02-16,0.007748103,22.25,6.0033100098609e-05
2010-02-17,0.001836628,21.72,3.3732024103840005e-06
2010-02-18,0.002850347,20.63,8.124478020409e-06
2010-02-19,0.000948584,20.02,8.998116050560001e-07
2010-02-22,-0.000454435,19.94,2.06511169225e-07
2010-02-23,-0.005288236,21.37,2.7965439991696e-05
2010-02-24,0.00420115,20.27,1.76496613225e-05
2010-02-25,-0.000904707,20.1,8.184947558490001e-07
2010-02-26,0.0006099009999999999,19.5,3.719792298009999e-07
2010-03-01,0.004389537,19.26,1.9268035074369e-05
2010-03-02,0.001010883,19.06,1.021884439689e-06
2010-03-03,0.000186367,18.83,3.4732658689e-08
2010-03-04,0.001619578,18.72,2.623032898084e-06
2010-03-05,0.006041166,17.42,3.6495686639556e-05
2010-03-08,-7.63e-05,17.79,5.8216899999999996e-09
2010-03-09,0.000743215,17.92,5.52368536225e-07
2010-03-10,0.001960546,18.57,3.843740618116e-06
2010-03-11,0.00175167,18.06,3.0683477889000005e-06
2010-03-12,-9.44e-05,17.58,8.91136e-09
2010-03-15,0.000196334,18.0,3.8547039556e-08
2010-03-16,0.003365373,17.69,1.1325735429129e-05
2010-03-17,0.00252099,16.91,6.355390580099999e-06
2010-03-18,-0.000141534,16.62,2.0031873155999996e-08
2010-03-19,-0.002214678,16.97,4.904798643684e-06
2010-03-22,0.002207228,16.87,4.871855443983999e-06
2010-03-23,0.003103204,16.35,9.629875065616001e-06
2010-03-24,-0.002392261,17.55,5.722912692121001e-06
2010-03-25,-0.000740745,18.4,5.48703155025e-07
2010-03-26,0.000320276,17.77,1.0257671617599998e-07
2010-03-29,0.002461208,17.59,6.057544819263999e-06
2010-03-30,1.85e-05,17.13,3.4225e-10
2010-03-31,-0.001423735,17.59,2.027021350225e-06
2010-04-01,0.003207925,17.47,1.0290782805625e-05
2010-04-05,0.003429518,17.02,1.1761593712323999e-05
2010-04-06,0.000730865,16.23,5.341636482250001e-07
2010-04-07,-0.002559754,16.62,6.552340540516e-06
2010-04-08,0.001462995,16.48,2.140354370025e-06
2010-04-09,0.002893106,16.14,8.370062327236e-06
2010-04-12,0.000766557,15.58,5.87609634249e-07
2010-04-13,0.00029753900000000004,16.2,8.852945652100002e-08
2010-04-14,0.004815624,15.59,2.3190234509376002e-05
2010-04-15,0.000365749,15.89,1.33772331001e-07
2010-04-16,-0.007060738,18.36,4.985402110464401e-05
2010-04-19,0.001959158,17.34,3.838300068964e-06
2010-04-20,0.0034856590000000003,15.73,1.2149818664281002e-05
2010-04-21,-0.000442733,16.32,1.96012509289e-07
2010-04-22,0.000982042,16.47,9.64406489764e-07
2010-04-23,0.003082744,16.62,9.503310569536e-06
2010-04-26,-0.001869951,17.47,3.4967167424009997e-06
2010-04-27,-0.010275219,22.81,0.00010558012549796101
2010-04-28,0.002797698,21.08,7.827114099203999e-06
2010-04-29,0.0055850890000000005,18.44,3.119321913792101e-05
2010-04-30,-0.0072908209999999985,22.05,5.315607085404098e-05
2010-05-03,0.005661115,20.19,3.2048223043225005e-05
2010-05-04,-0.010478297,23.84,0.00010979470802020899
2010-05-05,-0.0028587990000000004,24.91,8.172731722401003e-06
2010-05-06,-0.014294455,32.8,0.00020433144374702497
2010-05-07,-0.0066997,40.95,4.4885980090000004e-05
2010-05-10,0.018689744,28.84,0.00034930653078553604
2010-05-11,-0.001477959,28.32,2.184362805681e-06
2010-05-12,0.005926378,25.52,3.512195619888401e-05
2010-05-13,-0.005306823,26.68,2.8162370353328997e-05
2010-05-14,-0.008242509,31.24,6.7938954615081e-05
2010-05-17,0.000481569,30.84,2.3190870176099999e-07
2010-05-18,-0.006209424,33.55,3.8556946411775997e-05
2010-05-19,-0.00223378,35.32,4.989773088399999e-06
2010-05-20,-0.01726569,45.79,0.0002981040511761
2010-05-21,0.006476484,40.1,4.1944845002256e-05
2010-05-24,-0.005642407,38.32,3.1836756753649e-05
2010-05-25,0.000153684,34.61,2.3618771855999996e-08
2010-05-26,-0.002465492,35.02,6.078650802064001e-06
2010-05-27,0.014048216,29.68,0.000197352372782656
2010-05-28,-0.005407779000000001,32.07,2.9244073712841007e-05
2010-06-01,-0.007519499,35.54,5.6542865211001e-05
2010-06-02,0.011080758,30.17,0.00012278319785456398
2010-06-03,0.001755955,29.46,3.083377962025e-06
2010-06-04,-0.015207901,35.48,0.00023128025282580098
2010-06-07,-0.005917016,36.57,3.5011078344255997e-05
2010-06-08,0.004740863,33.7,2.2475781984768996e-05
2010-06-09,-0.002588109,33.73,6.698308195880999e-06
2010-06-10,0.012629206,30.57,0.000159496844190436
2010-06-11,0.001897913,28.79,3.602073755569e-06
2010-06-14,-0.000784475,28.58,6.15401025625e-07
2010-06-15,0.010085392,25.87,0.000101715131793664
2010-06-16,-0.000241508,25.92,5.8326114064e-08
2010-06-17,0.000556825,25.05,3.1005408062500007e-07
2010-06-18,0.0005716580000000001,23.95,3.2679286896400005e-07
2010-06-21,-0.00167822,24.88,2.8164223684e-06
2010-06-22,-0.007036145,27.05,4.9507336461024995e-05
2010-06-23,-0.001298506,26.91,1.686117832036e-06
2010-06-24,-0.007359638000000002,29.74,5.416427149104403e-05
2010-06-25,0.001240006,28.53,1.5376148800360003e-06
2010-06-28,-0.000884202,29.0,7.818131768039999e-07
2010-06-29,-0.013683868,34.13,0.000187248243441424
2010-06-30,-0.0044143540000000005,34.54,1.9486521237316004e-05
2010-07-01,-0.00140961,32.86,1.9870003520999996e-06
2010-07-02,-0.002029585,30.12,4.119215272225e-06
2010-07-06,0.0023211670000000003,29.65,5.387816241889001e-06
2010-07-07,0.013398012,26.84,0.000179506725552144
2010-07-08,0.004068763,25.71,1.6554832350169004e-05
2010-07-09,0.003117409,24.98,9.718238873281e-06
2010-07-12,0.000318163,24.43,1.01227694569e-07
2010-07-13,0.006628139,24.56,4.3932226603321e-05
2010-07-14,-6.74e-05,24.89,4.54276e-09
2010-07-15,0.000519176,25.14,2.6954371897599996e-07
2010-07-16,-0.012700044,26.25,0.000161291117601936
2010-07-19,0.002590165,25.97,6.708954727225001e-06
2010-07-20,0.0049300640000000005,23.93,2.4305531044096004e-05
2010-07-21,-0.005603565,25.64,3.1399940709224997e-05
2010-07-22,0.009668965,24.63,9.3488884171225e-05
2010-07-23,0.003555321,23.47,1.2640307413041001e-05
2010-07-26,0.004837142,22.73,2.3397942728164e-05
2010-07-27,-0.000455952,23.19,2.0789222630399998e-07
2010-07-28,-0.003016639,24.25,9.100110856321e-06
2010-07-29,-0.001809842,24.13,3.2755280649640005e-06
2010-07-30,2.7600000000000007e-05,23.5,7.617600000000004e-10
2010-08-02,0.009460462,22.01,8.9500341253444e-05
2010-08-03,-0.002088033,22.63,4.359881809089e-06
2010-08-04,0.002620034,22.21,6.864578161155999e-06
2010-08-05,-0.000551289,22.1,3.0391956152100005e-07
2010-08-06,-0.0016116129999999998,21.74,2.5972964617689995e-06
2010-08-09,0.002374751,22.14,5.639442312001e-06
2010-08-10,-0.002599382,22.37,6.756786781924e-06
2010-08-11,-0.012413581000000002,25.39,0.00015409699324356104
2010-08-12,-0.0023422720000000003,25.73,5.486238121984001e-06
2010-08-13,-0.001750947,26.24,3.065815396809e-06
2010-08-16,5.23e-05,26.1,2.7352899999999996e-09
2010-08-17,0.00526298,24.33,2.7698958480399996e-05
2010-08-18,0.000643488,24.59,4.14076806144e-07
2010-08-19,-0.007417926999999999,26.44,5.502564097732898e-05
2010-08-20,-0.001593728,25.49,2.539968937984e-06
2010-08-23,-0.001758255,25.66,3.091460645025e-06
2010-08-24,-0.006348854,27.46,4.0307947113316e-05
2010-08-25,0.001426215,26.7,2.034089226225e-06
2010-08-26,-0.003350356,27.37,1.1224885326736e-05
2010-08-27,0.007144455,24.45,5.1043237247025e-05
2010-08-30,-0.006440016,27.21,4.1473806080256e-05
2010-08-31,0.000169723,26.05,2.8805896728999995e-08
2010-09-01,0.012628267,23.89,0.000159473127423289
2010-09-02,0.003925984,23.19,1.5413350368256004e-05
2010-09-03,0.005703313000000001,21.31,3.252777917596901e-05
2010-09-07,-0.005010651,23.8,2.5106623443800996e-05
2010-09-08,0.002787316,23.25,7.769130483856001e-06
2010-09-09,0.00209356,22.81,4.3829934736e-06
2010-09-10,0.0021070010000000003,21.99,4.4394532140010015e-06
2010-09-13,0.00480727,21.21,2.31098448529e-05
2010-09-14,-0.000309795,21.56,9.597294202500002e-08
2010-09-15,0.001535192,22.1,2.3568144768639995e-06
2010-09-16,-0.000158295,21.72,2.5057307025e-08
2010-09-17,0.000358977,22.01,1.28864486529e-07
2010-09-20,0.006555802,21.5,4.297853986320401e-05
2010-09-21,-0.001114996,22.35,1.2432160800160001e-06
2010-09-22,-0.002100758,22.51,4.413184174563999e-06
2010-09-23,-0.003633384,23.87,1.3201479291455999e-05
2010-09-24,0.009108388,21.71,8.296273195854401e-05
2010-09-27,-0.002468332,22.54,6.092662862224001e-06
2010-09-28,0.002101435,22.6,4.416029059225e-06
2010-09-29,-0.001125317,23.25,1.266338350489e-06
2010-09-30,-0.0013413020000000002,23.7,1.7990910552040004e-06
2010-10-01,0.001913797,22.5,3.6626189572090002e-06
2010-10-04,-0.003503636,23.53,1.2275465220496e-05
2010-10-05,0.008966769,21.76,8.0402946299361e-05
2010-10-06,-0.000291935,21.49,8.522604422500001e-08
2010-10-07,-0.000715696,21.56,5.122207644160001e-07
2010-10-08,0.002650778,20.71,7.0266240052839995e-06
2010-10-11,6.34e-05,18.96,4.019559999999999e-09
2010-10-12,0.001655279,18.93,2.739948567841e-06
2010-10-13,0.003081677,19.07,9.496733132329002e-06
2010-10-14,-0.001584351,19.88,2.5101680912009997e-06
2010-10-15,0.0008796780000000002,19.03,7.738333836840003e-07
2010-10-18,0.003134572,19.09,9.825541623184e-06
2010-10-19,-0.006950751999999999,20.63,4.831295336550399e-05
2010-10-20,0.004546658,19.79,2.0672098968964003e-05
2010-10-21,0.0007697289999999999,19.27,5.924827334409999e-07
2010-10-22,0.001036424,18.78,1.074174707776e-06
2010-10-25,0.000931404,19.85,8.675134112160001e-07
2010-10-26,7.33e-06,20.22,5.37289e-11
2010-10-27,-0.001170057,20.71,1.369033383249e-06
2010-10-28,0.000488213,20.88,2.38351933369e-07
2010-10-29,-0.000190815,21.2,3.6410364225e-08
2010-11-01,0.000410882,21.83,1.68824017924e-07
2010-11-02,0.0033568290000000004,21.57,1.1268300935241002e-05
2010-11-03,0.001594423,19.56,2.542184702929e-06
2010-11-04,0.008294688,18.52,6.8801849017344e-05
2010-11-05,0.0017003270000000002,18.26,2.8911119069290007e-06
2010-11-08,-0.000922107,18.29,8.50281319449e-07
2010-11-09,-0.003511234,19.08,1.2328764202755999e-05
2010-11-10,0.001896384,18.47,3.5962722754560003e-06
2010-11-11,-0.001846279,18.64,3.4087461458409996e-06
2010-11-12,-0.005158855,20.61,2.6613784911025004e-05
2010-11-15,-0.000529062,20.2,2.7990659984399995e-07
2010-11-16,-0.007095559,22.58,5.0346957522481005e-05
2010-11-17,9.21e-05,21.76,8.482410000000001e-09
2010-11-18,0.00661891,18.75,4.380996958810001e-05
2010-11-19,0.001101857,18.04,1.2140888484489998e-06
2010-11-22,-0.000684707,18.37,4.68823675849e-07
2010-11-23,-0.006248214,20.63,3.9040178189796e-05
2010-11-24,0.006433082,19.56,4.1384544018724e-05
2010-11-26,-0.003255746,22.22,1.0599882016516e-05
2010-11-29,-0.000599239,21.53,3.59087379121e-07
2010-11-30,-0.00264431,23.54,6.9923753761e-06
2010-12-01,0.009288129,21.36,8.626934032064098e-05
2010-12-02,0.005531623,19.39,3.0598853014129005e-05
2010-12-03,0.001129127,18.01,1.274927782129e-06
2010-12-06,-0.000564196,18.02,3.1831712641599997e-07
2010-12-07,0.000223637,17.99,5.0013507769e-08
2010-12-08,0.001604676,17.74,2.574985064976e-06
2010-12-09,0.001665696,17.25,2.7745431644159996e-06
2010-12-10,0.0025986810000000003,17.61,6.753142939761001e-06
2010-12-13,2.1e-05,17.55,4.41e-10
2010-12-14,0.000395442,17.61,1.5637437536400003e-07
2010-12-15,-0.002230375,17.94,4.974572640625001e-06
2010-12-16,0.002677874,17.39,7.171009159875999e-06
2010-12-17,0.000363254,16.11,1.3195346851599997e-07
2010-12-20,0.001105355,16.41,1.2218096760249998e-06
2010-12-21,0.002610969,16.49,6.817159118960999e-06
2010-12-22,0.001465251,15.45,2.1469604930010004e-06
2010-12-23,-0.000714729,16.47,5.108375434409999e-07
2010-12-27,0.000266003,17.67,7.075759600900001e-08
2010-12-28,0.000334863,17.52,1.1213322876900002e-07
2010-12-29,0.000438039,17.28,1.91878165521e-07
2010-12-30,-0.000655497,17.52,4.29676317009e-07
2010-12-31,-8.290000000000001e-05,17.75,6.872410000000002e-09
2011-01-03,0.004886382,17.61,2.3876729049923997e-05
2011-01-04,-0.000570615,17.38,3.2560147822500003e-07
2011-01-05,0.002169124,17.02,4.7050989273760006e-06
2011-01-06,-0.000922941,17.4,8.518200894810001e-07
2011-01-07,-0.000801927,17.14,6.430869133290001e-07
2011-01-10,-0.000598143,17.54,3.57775048449e-07
2011-01-11,0.001614803,16.89,2.607588728809e-06
2011-01-12,0.003894435,16.24,1.5166623969225e-05
2011-01-13,-0.00074362,16.39,5.529707044e-07
2011-01-14,0.003195289,15.46,1.0209871793521e-05
2011-01-18,0.0005973469999999999,15.87,3.568234384089999e-07
2011-01-19,-0.0044155520000000005,17.31,1.9497099464704004e-05
2011-01-20,-0.0005627469999999999,17.99,3.1668418600899993e-07
2011-01-21,0.001046938,18.47,1.096079175844e-06
2011-01-24,0.0025273,17.65,6.38724529e-06
2011-01-25,0.000114376,17.59,1.3081869376e-08
2011-01-26,0.001829275,16.64,3.346247025625e-06
2011-01-27,0.000973586,16.15,9.47869699396e-07
2011-01-28,-0.007823272,20.04,6.120358478598399e-05
2011-01-31,0.0033151120000000003,19.53,1.0989967572544002e-05
2011-02-01,0.007190099,17.63,5.1697523629801e-05
2011-02-02,-0.001184008,17.3,1.4018749440640001e-06
2011-02-03,0.001021232,16.69,1.042914797824e-06
2011-02-04,0.00125081,15.93,1.5645256561e-06
2011-02-07,0.002701634,16.28,7.298826269956e-06
2011-02-08,0.001813656,15.81,3.2893480863360003e-06
2011-02-09,-0.00121155,15.87,1.4678534025e-06
2011-02-10,0.000325382,16.09,1.0587344592399998e-07
2011-02-11,0.002385249,15.69,5.6894127920009994e-06
2011-02-14,0.001034552,15.95,1.070297840704e-06
2011-02-15,-0.0014072020000000002,16.37,1.9802174688040007e-06
2011-02-16,0.002709123,16.72,7.339347429129e-06
2011-02-17,0.001333671,16.59,1.7786783362410001e-06
2011-02-18,0.000835107,16.43,6.97403701449e-07
2011-02-22,-0.009008203,20.8,8.114772128920898e-05
2011-02-23,-0.002662563,22.13,7.089241728969001e-06
2011-02-24,-0.000432051,21.32,1.86668066601e-07
2011-02-25,0.004558019,19.22,2.0775537204361e-05
2011-02-28,0.002408469,18.35,5.800722923960999e-06
2011-03-01,-0.006890016999999999,21.01,4.7472334260288985e-05
2011-03-02,0.0007009119999999999,20.7,4.912776317439999e-07
2011-03-03,0.007414454,18.6,5.4974128118116e-05
2011-03-04,-0.003216138,19.06,1.0343543635044e-05
2011-03-07,-0.003637738,20.66,1.3233137756644001e-05
2011-03-08,0.003857927,19.82,1.4883600737329002e-05
2011-03-09,-0.000591807,20.22,3.5023552524899996e-07
2011-03-10,-0.008273855,21.88,6.8456676561025e-05
2011-03-11,0.003064178,20.08,9.389186815683999e-06
2011-03-14,-0.002635162,21.13,6.944078766243999e-06
2011-03-15,-0.004891689,24.32,2.3928621272721e-05
2011-03-16,-0.008550168,29.4,7.310537282822401e-05
2011-03-17,0.0057801530000000005,26.37,3.3410168703409004e-05
2011-03-18,0.001864483,24.44,3.4762968572889996e-06
2011-03-21,0.006463366,20.61,4.1775100049956e-05
2011-03-22,-0.001544741,20.21,2.386224757081e-06
2011-03-23,0.001263678,19.17,1.5968820876840001e-06
2011-03-24,0.004037808,18.0,1.6303893444864003e-05
2011-03-25,0.001370694,17.91,1.878802041636e-06
2011-03-28,-0.001194977,19.44,1.427970030529e-06
2011-03-29,0.003055366,18.16,9.335261393956e-06
2011-03-30,0.002893448,17.71,8.372041328704e-06
2011-03-31,-0.000795253,17.74,6.32427334009e-07
2011-04-01,0.002150042,17.4,4.622680601764e-06
2011-04-04,0.00014991,17.5,2.2473008100000003e-08
2011-04-05,-7.82e-05,17.25,6.115240000000001e-09
2011-04-06,0.000947314,16.9,8.97403814596e-07
2011-04-07,-0.000660623,17.11,4.3642274812900005e-07
2011-04-08,-0.00174261,17.87,3.0366896120999995e-06
2011-04-11,-0.00121482,16.59,1.4757876323999998e-06
2011-04-12,-0.003390603,17.09,1.1496188703609e-05
2011-04-13,8.26e-05,16.92,6.8227600000000005e-09
2011-04-14,3.63e-05,16.27,1.31769e-09
2011-04-15,0.001701437,15.32,2.8948878649690002e-06
2011-04-18,-0.004811535,16.96,2.3150869056224997e-05
2011-04-19,0.002481917,15.83,6.159911994889001e-06
2011-04-20,0.005830161,15.07,3.3990777285921e-05
2011-04-21,0.002285646,14.69,5.224177637316001e-06
2011-04-25,-0.0006922380000000001,15.77,4.791934486440001e-07
2011-04-26,0.003882382,15.62,1.5072889993924001e-05
2011-04-27,0.002705813,15.35,7.3214239909690005e-06
2011-04-28,0.00154138,14.62,2.3758523044e-06
2011-04-29,0.000998016,14.75,9.96035936256e-07
2011-05-02,-0.0007618560000000001,15.99,5.804245647360001e-07
2011-05-03,-0.001470106,16.7,2.1612116512360005e-06
2011-05-04,-0.002987459,17.08,8.924911276681e-06
2011-05-05,-0.003956961,18.2,1.5657540355521002e-05
2011-05-06,0.001655818,18.4,2.7417332491240003e-06
2011-05-09,0.001969006,17.16,3.876984628036001e-06
2011-05-10,0.003492431,15.91,1.2197074289760999e-05
2011-05-11,-0.004852647,16.95,2.3548182906609e-05
2011-05-12,0.0021208520000000003,16.03,4.498013205904001e-06
2011-05-13,-0.003517804,17.07,1.2374944982415998e-05
2011-05-16,-0.002702911,18.24,7.305727873921001e-06
2011-05-17,-0.000160097,17.55,2.5631049409e-08
2011-05-18,0.003806685,16.23,1.4490850689225002e-05
2011-05-19,0.000944864,15.52,8.92767978496e-07
2011-05-20,-0.003351888,17.43,1.1235153164543999e-05
2011-05-23,-0.005210338,18.27,2.7147622074244e-05
2011-05-24,-0.000359487,17.82,1.29230903169e-07
2011-05-25,0.001380256,17.07,1.905106625536e-06
2011-05-26,0.001713441,16.09,2.935880060481e-06
2011-05-27,0.001768703,15.98,3.128310302209e-06
2011-05-31,0.004576175,15.45,2.0941377630625e-05
2011-06-01,-0.010009749,18.3,0.000100195075043001
2011-06-02,-0.00053223,18.09,2.8326877289999994e-07
2011-06-03,-0.004248079,17.95,1.8046175190241e-05
2011-06-06,-0.004698425,18.49,2.2075197480625e-05
2011-06-07,-0.000415527,18.07,1.72662687729e-07
2011-06-08,-0.001822194,18.79,3.3203909736360004e-06
2011-06-09,0.003192262,17.77,1.0190536676644e-05
2011-06-10,-0.006114201,18.86,3.7383453868401e-05
2011-06-13,0.000290348,19.61,8.4301961104e-08
2011-06-14,0.005442961999999999,18.26,2.962583533344399e-05
2011-06-15,-0.007637333,21.32,5.8328855352888996e-05
2011-06-16,0.0007612410000000001,22.73,5.794878600810001e-07
2011-06-17,0.00132043,21.85,1.7435353849000002e-06
2011-06-20,0.002336809,19.99,5.460676302481e-06
2011-06-21,0.005790949,18.86,3.3535090320601004e-05
2011-06-22,-0.002818335,18.52,7.943012172225e-06
2011-06-23,-0.001229914,19.29,1.5126884473959998e-06
2011-06-24,-0.00512252,21.1,2.6240211150400004e-05
2011-06-27,0.003970545,20.56,1.5765227597025e-05
2011-06-28,0.005585565,19.17,3.1198536369225e-05
2011-06-29,0.003582339000000001,17.27,1.2833152710921005e-05
2011-06-30,0.004372645,16.52,1.9120024296024997e-05
2011-07-01,0.006213385,15.87,3.8606153158225004e-05
2011-07-05,-0.0005806709999999999,16.06,3.371788102409999e-07
2011-07-06,0.000434765,16.34,1.89020605225e-07
2011-07-07,0.004516481,15.95,2.0398600623361e-05
2011-07-08,-0.003033771,15.95,9.203766480441001e-06
2011-07-11,-0.007928534000000001,18.39,6.286165138915601e-05
2011-07-12,-0.001929739,19.87,3.723892608121e-06
2011-07-13,0.001346773,19.91,1.8137975135289997e-06
2011-07-14,-0.002926624,20.8,8.565128037376e-06
2011-07-15,0.002405575,19.53,5.786791080625e-06
2011-07-18,-0.003545173,20.95,1.2568251599929e-05
2011-07-19,0.007025634,19.21,4.9359533101956005e-05
2011-07-20,-0.000291432,19.09,8.4932610624e-08
2011-07-21,0.005843519,17.56,3.4146714303361e-05
2011-07-22,0.000394105,17.52,1.55318751025e-07
2011-07-25,-0.002457682,19.35,6.040200813124e-06
2011-07-26,-0.001786399,20.23,3.191221387201e-06
2011-07-27,-0.008910759,22.98,7.940162595608102e-05
2011-07-28,-0.00140678,23.74,1.9790299684e-06
2011-07-29,-0.0028105,25.25,7.89891025e-06
2011-08-01,-0.001798323,23.66,3.2339656123289995e-06
2011-08-02,-0.011243447,24.79,0.000126415100441809
2011-08-03,0.002172867,23.38,4.721350999689001e-06
2011-08-04,-0.021281141,31.66,0.000452886962261881
2011-08-05,-0.000249777,32.0,6.238854972900001e-08
2011-08-08,-0.029948222000000007,48.0,0.0008968960009612844
2011-08-09,0.020115383,35.06,0.000404628633236689
2011-08-10,-0.019611341,42.99,0.000384604695818281
2011-08-11,0.019652082,39.0,0.00038620432693472405
2011-08-12,0.0022791070000000003,36.36,5.1943287174490014e-06
2011-08-15,0.009359387,31.87,8.7598125015769e-05
2011-08-16,-0.004250132,32.85,1.8063622017424e-05
2011-08-17,0.000411248,31.58,1.6912491750400003e-07
2011-08-18,-0.01981191,42.67,0.00039251177784809996
2011-08-19,-0.006567732,43.05,4.3135103623824e-05
2011-08-22,0.000112083,42.44,1.2562598889000001e-08
2011-08-23,0.014640163,36.27,0.000214334372666569
2011-08-24,0.005660877,35.9,3.2045528409129e-05
2011-08-25,-0.0068132,39.76,4.6419694240000005e-05
2011-08-26,0.006518063,35.59,4.2485145271969005e-05
2011-08-29,0.012111423,32.28,0.000146686567084929
2011-08-30,0.001018074,32.89,1.0364746694760002e-06
2011-08-31,0.002132357,31.62,4.546946375449e-06
2011-09-01,-0.005186555,31.82,2.6900352768024997e-05
2011-09-02,-0.01112096,33.92,0.00012367575132159997
2011-09-06,-0.0032416140000000003,37.0,1.0508061324996002e-05
2011-09-07,0.012266135,33.38,0.000150458067838225
2011-09-08,-0.004633450999999999,34.32,2.1468868169400995e-05
2011-09-09,-0.011755711,38.52,0.00013819674111552102
2011-09-12,0.00301467,38.59,9.0882352089e-06
2011-09-13,0.00394285,36.91,1.5546066122500003e-05
2011-09-14,0.005815078,34.6,3.381513214608399e-05
2011-09-15,0.0074008569999999985,31.97,5.4772684334448975e-05
2011-09-16,0.002471333,30.98,6.107486796889e-06
2011-09-19,-0.004278197,32.73,1.8302969570809e-05
2011-09-20,-0.000721965,32.86,5.212334612249999e-07
2011-09-21,-0.012955453,37.32,0.000167843762435209
2011-09-22,-0.014072227,41.35,0.000198027572739529
2011-09-23,0.002633385,41.25,6.934716558224999e-06
2011-09-26,0.010018353,39.02,0.00010036739683260902
2011-09-27,0.004617254,37.71,2.1319034500516004e-05
2011-09-28,-0.009080334,41.08,8.245246555155601e-05
2011-09-29,0.003509758,38.84,1.2318401218563999e-05
2011-09-30,-0.010983869,42.96,0.000120645378209161
2011-10-03,-0.012535279,45.45,0.000157133219607841
2011-10-04,0.009658419,40.82,9.328505757956099e-05
2011-10-05,0.0076904209999999985,37.81,5.914257515724098e-05
2011-10-06,0.007877329,36.27,6.205231217424101e-05
2011-10-07,-0.003559826,36.2,1.2672361150275999e-05
2011-10-10,0.014573011,33.02,0.00021237264960612102
2011-10-11,0.000236185,32.86,5.5783354225e-08
2011-10-12,0.004233103,31.26,1.7919161008609002e-05
2011-10-13,-0.001293386,30.7,1.6728473449960003e-06
2011-10-14,0.007483334,28.24,5.6000287755556e-05
2011-10-17,-0.008494783,33.39,7.216133821708901e-05
2011-10-18,0.008778409000000001,31.56,7.706046457128102e-05
2011-10-19,-0.00552849,34.44,3.0564201680099996e-05
2011-10-20,0.001973361,34.78,3.894153636320999e-06
2011-10-21,0.008092678,31.32,6.549143721168401e-05
2011-10-24,0.005554997,29.26,3.0857991670009e-05
2011-10-25,-0.008793783000000001,32.22,7.733061945108902e-05
2011-10-26,0.004552045,29.86,2.0721113682025003e-05
2011-10-27,0.014642941,25.46,0.000214415721129481
2011-10-28,0.00016900700000000002,24.53,2.8563366049000006e-08
2011-10-31,-0.010878504,29.96,0.00011834184927801602
2011-11-01,-0.012307925,34.77,0.000151485017805625
2011-11-02,0.006938448000000001,32.74,4.814206064870401e-05
2011-11-03,0.008081181,30.5,6.5305486354761e-05
2011-11-04,-0.002735962,30.16,7.485488065444001e-06
2011-11-07,0.002725631,29.85,7.429064348161e-06
2011-11-08,0.005067032,27.48,2.5674813289024e-05
2011-11-09,-0.016236226,36.16,0.000263615034723076
2011-11-10,0.003725879,32.81,1.3882174322641e-05
2011-11-11,0.008382435,30.04,7.026521652922502e-05
2011-11-14,-0.004167524000000001,31.13,1.7368256290576005e-05
2011-11-15,0.002087035,31.22,4.355715091225e-06
2011-11-16,-0.007276943,33.51,5.2953899425249e-05
2011-11-17,-0.007358099,34.51,5.4141620893800995e-05
2011-11-18,-0.000171448,32.0,2.9394416703999998e-08
2011-11-21,-0.008175392,32.91,6.683703435366401e-05
2011-11-22,-0.0018021,31.97,3.2475644100000003e-06
2011-11-23,-0.009703429,33.98,9.4156534358041e-05
2011-11-25,-0.001167872,34.47,1.363925008384e-06
2011-11-28,0.012516834,32.13,0.00015667113338355598
2011-11-29,0.000960354,30.64,9.222798053159999e-07
2011-11-30,0.018415572,27.8,0.00033913329208718406
2011-12-01,-0.000829705,27.41,6.88410387025e-07
2011-12-02,-0.000104697,27.52,1.0961461809000001e-08
2011-12-05,0.004444796,27.84,1.9756211481616e-05
2011-12-06,0.00047995,28.13,2.3035200249999998e-07
2011-12-07,0.000875664,28.67,7.667874408959999e-07
2011-12-08,-0.009280209,30.59,8.612227908368098e-05
2011-12-09,0.007271149,26.38,5.2869607780201e-05
2011-12-12,-0.006525886999999999,25.67,4.2587201136768994e-05
2011-12-13,-0.003788768,25.41,1.4354762957824e-05
2011-12-14,-0.0049567,26.04,2.4568874889999998e-05
2011-12-15,0.001406162,25.11,1.9772915702440004e-06
2011-12-16,0.0013945029999999998,24.29,1.9446386170089995e-06
2011-12-19,-0.005125609000000001,24.92,2.6271867620881006e-05
2011-12-20,0.012763583,23.22,0.000162909050997889
2011-12-21,0.000845863,21.43,7.154842147689999e-07
2011-12-22,0.003574918,21.16,1.2780038706723998e-05
2011-12-23,0.003906268,20.73,1.5258929687824e-05
2011-12-27,3.43e-05,21.91,1.17649e-09
2011-12-28,-0.005453208,23.52,2.9737477491264003e-05
2011-12-29,0.00462531,22.65,2.1393492596099998e-05
2011-12-30,-0.001867699,23.4,3.488299554601e-06
2012-01-03,0.006668773,22.97,4.4472533325529e-05
2012-01-04,8.159999999999999e-05,22.22,6.658559999999999e-09
2012-01-05,0.001276559,21.48,1.629602880481e-06
2012-01-06,-0.001103188,20.63,1.2170237633439998e-06
2012-01-09,0.000981127,21.07,9.626101901290002e-07
2012-01-10,0.003841995,20.69,1.4760925580024999e-05
2012-01-11,0.000134427,21.05,1.8070618329000002e-08
2012-01-12,0.001013586,20.47,1.0273565793959998e-06
2012-01-13,-0.002154178,20.91,4.640482855684e-06
2012-01-17,0.0015402679999999998,22.2,2.3724255118239994e-06
2012-01-18,0.004797518,20.89,2.3016178960324e-05
2012-01-19,0.002139565,19.87,4.5777383892249995e-06
2012-01-20,0.000290644,18.28,8.447393473600001e-08
2012-01-23,0.000204655,18.67,4.1883669025e-08
2012-01-24,-0.000445744,18.91,1.98687713536e-07
2012-01-25,0.003749754,18.31,1.4060655060516e-05
2012-01-26,-0.002502823,18.57,6.264122969329e-06
2012-01-27,-0.0006922969999999999,18.53,4.792751362089999e-07
2012-01-30,-0.001096746,19.4,1.202851788516e-06
2012-01-31,-0.000198503,19.44,3.9403441009e-08
2012-02-01,0.003847975,18.55,1.4806911600625e-05
2012-02-02,0.000475332,17.98,2.2594051022400003e-07
2012-02-03,0.006297156,17.1,3.9654173688336e-05
2012-02-06,-0.000184103,17.76,3.3893914609e-08
2012-02-07,0.0008778260000000001,17.65,7.705784862760001e-07
2012-02-08,0.000937184,18.16,8.783138498559999e-07
2012-02-09,0.00063973,18.63,4.0925447290000005e-07
2012-02-10,-0.0030010490000000004,20.79,9.006295100401002e-06
2012-02-13,0.002943222,19.04,8.662555741284e-06
2012-02-14,-0.000408215,19.54,1.66639486225e-07
2012-02-15,-0.002344206,21.14,5.495301770436001e-06
2012-02-16,0.004762179,19.22,2.2678348828041002e-05
2012-02-17,0.00101895,17.78,1.0382591025000001e-06
2012-02-21,0.000312552,18.19,9.768875270400001e-08
2012-02-22,-0.001453041,18.19,2.111328147681e-06
2012-02-23,0.001851379,16.8,3.427604201641e-06
2012-02-24,0.0007256280000000001,17.31,5.265359943840001e-07
2012-02-27,0.0005878869999999999,18.19,3.456111247689999e-07
2012-02-28,0.001455169,17.96,2.1175168185610004e-06
2012-02-29,-0.002062136,18.43,4.252404882496e-06
2012-03-01,0.00266623,17.26,7.108782412899999e-06
2012-03-02,-0.001411919,17.29,1.993515262561e-06
2012-03-05,-0.001683831,18.05,2.835286836561e-06
2012-03-06,-0.006727016,20.87,4.5252744264256e-05
2012-03-07,0.002986603,19.07,8.919797479609e-06
2012-03-08,0.004243069,17.95,1.8003634538761003e-05
2012-03-09,0.0015741879999999998,17.11,2.4780678593439996e-06
2012-03-12,6.97e-05,15.64,4.85809e-09
2012-03-13,0.0078039,14.8,6.090085521e-05
2012-03-14,-0.000519865,15.31,2.70259618225e-07
2012-03-15,0.0025838370000000003,15.42,6.676213642569002e-06
2012-03-16,0.000485856,14.47,2.3605605273600001e-07
2012-03-19,0.001722413,15.04,2.9667065425689996e-06
2012-03-20,-0.001305073,15.58,1.7032155353289999e-06
2012-03-21,-0.00081341,15.13,6.616358281e-07
2012-03-22,-0.003141098,15.57,9.866496645604001e-06
2012-03-23,0.001348079,14.82,1.817316990241e-06
2012-03-26,0.005989044000000001,14.26,3.586864803393601e-05
2012-03-27,-0.001225039,15.59,1.500720551521e-06
2012-03-28,-0.002151396,15.47,4.628504748815999e-06
2012-03-29,-0.0006988739999999999,15.48,4.884248678759999e-07
2012-03-30,0.001603266,15.5,2.5704618667559995e-06
2012-04-02,0.003247036,15.64,1.0543242785296e-05
2012-04-03,-0.001735696,15.66,3.0126406044159996e-06
2012-04-04,-0.004453645,16.44,1.9834953786025e-05
2012-04-05,-0.000273274,16.7,7.4678679076e-08
2012-04-09,-0.004961134,18.81,2.4612850565956e-05
2012-04-10,-0.007482475,20.39,5.5987432125624994e-05
2012-04-11,0.0032230270000000003,20.02,1.0387903042729001e-05
2012-04-12,0.005943461,17.2,3.5324728658520995e-05
2012-04-13,-0.005451921,19.55,2.9723442590241003e-05
2012-04-16,-0.000218746,19.55,4.7849812516e-08
2012-04-17,0.006674202,18.46,4.4544972336803994e-05
2012-04-18,-0.001764766,18.64,3.114399034756e-06
2012-04-19,-0.002584963,18.36,6.682033711369e-06
2012-04-20,0.000507514,17.44,2.5757046019600006e-07
2012-04-23,-0.00366677,18.97,1.3445202232900001e-05
2012-04-24,0.001595163,18.1,2.5445449965689996e-06
2012-04-25,0.005885717,16.82,3.4641664604089e-05
2012-04-26,0.0028915,16.24,8.36077225e-06
2012-04-27,0.001047262,16.32,1.0967576966439999e-06
2012-04-30,-0.0016898820000000002,17.15,2.8557011739240007e-06
2012-05-01,0.002450506,16.6,6.004979656036e-06
2012-05-02,-0.001085687,16.88,1.1787162619689998e-06
2012-05-03,-0.003338974,17.56,1.1148747372676002e-05
2012-05-04,-0.007069887,19.16,4.9983302192769003e-05
2012-05-07,0.000152235,18.94,2.3175495225e-08
2012-05-08,-0.001862196,19.05,3.467773942416e-06
2012-05-09,-0.002920551,20.08,8.529618143601e-06
2012-05-10,0.001091913,18.83,1.192273999569e-06
2012-05-11,-0.001473609,19.89,2.171523484881e-06
2012-05-14,-0.00485326,21.87,2.35541326276e-05
2012-05-15,-0.002502601,21.97,6.263011765201e-06
2012-05-16,-0.001916783,22.27,3.674057069089e-06
2012-05-17,-0.006586401,24.49,4.3380678132801006e-05
2012-05-18,-0.003220376,25.1,1.0370821581376e-05
2012-05-21,0.006909047,22.01,4.7734930448209e-05
2012-05-22,0.000211157,22.48,4.4587278649e-08
2012-05-23,0.00073495,22.33,5.401515024999999e-07
2012-05-24,0.000598904,21.54,3.5868600121600006e-07
2012-05-25,-0.000941507,21.76,8.864354310489999e-07
2012-05-29,0.004785049,21.03,2.2896693932401005e-05
2012-05-30,-0.006270585,24.14,3.9320236242225004e-05
2012-05-31,-0.000989874,24.06,9.79850535876e-07
2012-06-01,-0.010836238,26.66,0.000117424053992644
2012-06-04,4.760000000000001e-05,26.12,2.265760000000001e-09
2012-06-05,0.002480063,24.68,6.150712483968999e-06
2012-06-06,0.009896604,22.16,9.7942770732816e-05
2012-06-07,-4.620000000000001e-05,21.72,2.134440000000001e-09
2012-06-08,0.003509702,21.23,1.2318008128803999e-05
2012-06-11,-0.005515730999999999,23.56,3.0423288464360993e-05
2012-06-12,0.005030603,22.09,2.5306966543609e-05
2012-06-13,-0.003060905,24.27,9.369139419025e-06
2012-06-14,0.004671538,21.68,2.1823267285444003e-05
2012-06-15,0.004466611,21.11,1.9950613825320996e-05
2012-06-18,0.000626972,18.32,3.9309388878399994e-07
2012-06-19,0.004242132,18.38,1.7995683905424002e-05
2012-06-20,-0.0007329810000000001,17.24,5.37261146361e-07
2012-06-21,-0.009777384,20.08,9.5597237883456e-05
2012-06-22,0.003104763,18.11,9.639553286169e-06
2012-06-25,-0.00698496,20.38,4.87896662016e-05
2012-06-26,0.002067829,19.72,4.275916773241001e-06
2012-06-27,0.003884674,19.45,1.5090692086275999e-05
2012-06-28,-0.000917263,19.71,8.41371411169e-07
2012-06-29,0.010690071,17.08,0.00011427761798504102
2012-07-02,0.001066762,16.8,1.137981164644e-06
2012-07-03,0.0026981690000000003,16.66,7.280115952561001e-06
2012-07-05,-0.002040313,17.5,4.1628771379690006e-06
2012-07-06,-0.004116022,17.1,1.6941637104484003e-05
2012-07-09,-0.00071229,17.98,5.073570441e-07
2012-07-10,-0.003543465,18.72,1.2556144206225e-05
2012-07-11,-6.47e-06,17.95,4.18609e-11
2012-07-12,-0.002171307,18.33,4.7145740882489995e-06
2012-07-13,0.00710625,16.74,5.0498789062499995e-05
2012-07-16,-0.001006254,17.11,1.012547112516e-06
2012-07-17,0.003206107,16.48,1.0279122095449e-05
2012-07-18,0.002891657,16.16,8.361680205649002e-06
2012-07-19,0.001178427,15.45,1.3886901943289998e-06
2012-07-20,-0.004391863,16.27,1.9288460610769e-05
2012-07-23,-0.003886488,18.62,1.5104788974144e-05
2012-07-24,-0.003944297,20.47,1.5557478824209002e-05
2012-07-25,-0.000136315,19.34,1.8581779225e-08
2012-07-26,0.007124887,17.53,5.0764014762769e-05
2012-07-27,0.008208535,16.7,6.738004684622499e-05
2012-07-30,-0.000209996,18.03,4.4098320016e-08
2012-07-31,-0.001878801,18.93,3.529893197601e-06
2012-08-01,-0.001318118,18.96,1.7374350619240002e-06
2012-08-02,-0.003214264,17.57,1.0331493061696001e-05
2012-08-03,0.008191356,15.64,6.7098313118736e-05
2012-08-06,0.001010416,15.95,1.0209404930560002e-06
2012-08-07,0.002212195,15.99,4.893806718025001e-06
2012-08-08,0.000269539,15.32,7.2651272521e-08
2012-08-09,0.0001796,15.28,3.225616e-08
2012-08-10,0.000949406,14.74,9.013717528359999e-07
2012-08-13,-0.0005440309999999999,13.7,2.9596972896099995e-07
2012-08-14,-5.570000000000001e-05,14.85,3.1024900000000013e-09
2012-08-15,0.000494665,14.63,2.44693462225e-07
2012-08-16,0.003072822,14.29,9.442235043683998e-06
2012-08-17,0.00081229,13.45,6.598150441e-07
2012-08-20,-9.19e-06,14.02,8.44561e-11
2012-08-21,-0.001521635,15.02,2.315373073225e-06
2012-08-22,9.83e-05,15.11,9.662890000000002e-09
2012-08-23,-0.003519946,15.96,1.2390019842916e-05
2012-08-24,0.002794231,15.18,7.807726881361e-06
2012-08-27,-0.000212409,16.35,4.5117583280999994e-08
2012-08-28,-0.000351164,16.49,1.23316154896e-07
2012-08-29,0.00036656,17.06,1.343662336e-07
2012-08-30,-0.003403315,17.83,1.1582552989225e-05
2012-08-31,0.002197742,17.47,4.830069898564e-06
2012-09-04,-0.00050666,17.98,2.567043556e-07
2012-09-05,-0.000463927,17.74,2.15228261329e-07
2012-09-06,0.008785559,15.6,7.7186046942481e-05
2012-09-07,0.001755315,14.38,3.0811307492249996e-06
2012-09-10,-0.002678183,16.28,7.172664181489001e-06
2012-09-11,0.001359333,16.41,1.8477862048889997e-06
2012-09-12,0.000907895,15.8,8.242733310250001e-07
2012-09-13,0.007026111999999999,14.05,4.936624983654399e-05
2012-09-14,0.001715948,14.51,2.9444775387039996e-06
2012-09-17,-0.001359137,14.59,1.8472533847690002e-06
2012-09-18,-0.0005561569999999999,14.18,3.093106086489999e-07
2012-09-19,0.000514544,13.88,2.64755527936e-07
2012-09-20,-0.00023489,14.07,5.5173312099999996e-08
2012-09-21,-3.27e-05,13.98,1.0692900000000001e-09
2012-09-24,-0.00097071,14.15,9.422779040999999e-07
2012-09-25,-0.004585001,15.43,2.1022234170001e-05
2012-09-26,-0.0024986,16.81,6.2430019600000005e-06
2012-09-27,0.004170388,14.84,1.7392136070543998e-05
2012-09-28,-0.001949036,15.73,3.7987413292959995e-06
2012-10-01,0.001150027,16.32,1.3225621007290002e-06
2012-10-02,0.000378661,15.71,1.4338415292100002e-07
2012-10-03,0.001571218,15.43,2.468726003524e-06
2012-10-04,0.0031046840000000003,14.55,9.639062739856002e-06
2012-10-05,-0.000139696,14.33,1.9514972416e-08
2012-10-08,-0.001503827,15.11,2.2614956459289995e-06
2012-10-09,-0.004316959,16.37,1.8636135007681005e-05
2012-10-10,-0.0026958000000000004,16.29,7.267337640000002e-06
2012-10-11,8.49e-05,15.59,7.208010000000001e-09
2012-10-12,-0.0012900910000000002,16.14,1.6643347882810003e-06
2012-10-15,0.0034940920000000003,15.27,1.2208678904464002e-05
2012-10-16,0.004437416,15.22,1.9690660757055997e-05
2012-10-17,0.0017843479999999996,15.07,3.1838977851039987e-06
2012-10-18,-0.001062577,15.03,1.1290698809290002e-06
2012-10-19,-0.007257116,17.06,5.2665732637456004e-05
2012-10-22,0.000190865,16.62,3.6429448225e-08
2012-10-23,-0.006318664,18.83,3.9925514744896e-05
2012-10-24,-0.001342041,18.33,1.8010740456809999e-06
2012-10-25,0.001299012,18.12,1.687432176144e-06
2012-10-26,-0.00031669900000000004,17.81,1.0029825660100003e-07
2012-10-31,6.77e-05,18.6,4.583290000000001e-09
2012-11-01,0.004719591,16.69,2.2274539207281005e-05
2012-11-02,-0.004092664,17.59,1.6749898616896e-05
2012-11-05,0.000938697,18.42,8.811520578089999e-07
2012-11-06,0.003397271,17.58,1.1541450247440998e-05
2012-11-07,-0.01041894,19.08,0.0001085543107236
2012-11-08,-0.005333101,18.49,2.8441966276200998e-05
2012-11-09,0.000737118,18.61,5.433429459240001e-07
2012-11-12,5.6600000000000014e-05,16.68,3.2035600000000017e-09
2012-11-13,-0.001734304,16.65,3.0078103644160005e-06
2012-11-14,-0.006057905,17.92,3.6698212989025e-05
2012-11-15,-0.000692609,17.99,4.797072268809999e-07
2012-11-16,0.002096877,16.41,4.396893153129e-06
2012-11-19,0.00854143,15.24,7.295602644489999e-05
2012-11-20,0.000287996,15.08,8.2941696016e-08
2012-11-21,0.001006484,15.31,1.013010042256e-06
2012-11-23,0.0056207290000000005,15.14,3.1592594491441004e-05
2012-11-26,-0.0008823360000000002,15.5,7.785168168960003e-07
2012-11-27,-0.0022758,15.92,5.17926564e-06
2012-11-28,0.003398463,15.51,1.1549550762369e-05
2012-11-29,0.001850366,15.06,3.423854333956e-06
2012-11-30,7.049999999999999e-05,15.87,4.970249999999999e-09
2012-12-03,-0.002065702,16.64,4.267124752804e-06
2012-12-04,-0.000743225,17.12,5.52383400625e-07
2012-12-05,0.000687758,16.46,4.7301106656400004e-07
2012-12-06,0.001433692,16.58,2.0554727508640004e-06
2012-12-07,0.001266689,15.9,1.6045010227210003e-06
2012-12-10,0.000146979,16.05,2.1602826440999997e-08
2012-12-11,0.002834896,15.57,8.036635330816e-06
2012-12-12,0.00019462,15.95,3.7876944400000004e-08
2012-12-13,-0.002754065,16.56,7.584874024225e-06
2012-12-14,-0.0017997070000000004,17.0,3.2389452858490017e-06
2012-12-17,0.005124965,16.34,2.6265266251225003e-05
2012-12-18,0.004960142,15.57,2.4603008660163998e-05
2012-12-19,-0.003308525,17.36,1.0946337675625e-05
2012-12-20,0.002376975,17.67,5.650010150624999e-06
2012-12-21,-0.004092358,17.84,1.6747394000164e-05
2012-12-24,-0.001061106,17.84,1.125945943236e-06
2012-12-26,-0.002084137,19.48,4.343627034768999e-06
2012-12-27,-0.000529491,19.47,2.80360719081e-07
2012-12-28,-0.004825664,22.72,2.3287033040896004e-05
2012-12-31,0.0072961940000000015,18.02,5.323444688563602e-05
2013-01-02,0.010894731,14.68,0.00011869516356236099
2013-01-03,-0.000906704,14.56,8.221121436160001e-07
2013-01-04,0.002107769,13.83,4.442690157360999e-06
2013-01-07,-0.001358488,13.79,1.8454896461439997e-06
2013-01-08,-0.001410435,13.62,1.989326889225e-06
2013-01-09,0.0011519,13.81,1.32687361e-06
2013-01-10,0.003287052,13.49,1.0804710850703999e-05
2013-01-11,-2.07e-05,13.36,4.2848999999999993e-10
2013-01-14,-0.000404375,13.52,1.63519140625e-07
2013-01-15,0.000489925,13.55,2.40026505625e-07
2013-01-16,8.55e-05,13.42,7.310250000000001e-09
2013-01-17,0.00244382,13.57,5.972256192400001e-06
2013-01-18,0.0014755010000000002,12.46,2.1771032010010003e-06
2013-01-22,0.001918834,12.43,3.6819239195559995e-06
2013-01-23,0.000654196,12.46,4.27972406416e-07
2013-01-24,2.91e-06,12.69,8.468100000000001e-12
2013-01-25,0.002358522,12.89,5.562626024484e-06
2013-01-28,-0.0008040510000000001,13.57,6.464980106010001e-07
2013-01-29,0.002211889,13.31,4.892452948320999e-06
2013-01-30,-0.001696893,14.32,2.8794458534490004e-06
2013-01-31,-0.001114664,14.28,1.242475832896e-06
2013-02-01,0.004344019,12.9,1.8870501072361003e-05
2013-02-04,-0.005040325,14.67,2.5404876105625e-05
2013-02-05,0.004500411,13.72,2.0253699168921002e-05
2013-02-06,0.000238449,13.41,5.6857925601e-08
2013-02-07,-0.0007847889999999999,13.5,6.158937745209999e-07
2013-02-08,0.002450276,13.02,6.003852476175999e-06
2013-02-11,-0.000263301,12.94,6.932741660100001e-08
2013-02-12,0.000692253,12.64,4.792142160089999e-07
2013-02-13,0.000257168,12.98,6.6135380224e-08
2013-02-14,0.000299837,12.66,8.9902226569e-08
2013-02-15,-0.00045412,12.46,2.0622497440000003e-07
2013-02-19,0.003174588,12.31,1.0078008969743999e-05
2013-02-20,-0.005420741,14.68,2.9384432989080996e-05
2013-02-21,-0.002746073,15.22,7.540916921328999e-06
2013-02-22,0.00379324,14.17,1.4388669697599998e-05
2013-02-25,-0.008025447,18.99,6.440779954980899e-05
2013-02-26,0.002645244,16.87,6.9973158195360005e-06
2013-02-27,0.005491943000000001,14.73,3.016143791524901e-05
2013-02-28,-0.000375446,15.51,1.40959698916e-07
2013-03-01,0.001008096,15.36,1.016257545216e-06
2013-03-04,0.00199781,14.01,3.9912447961e-06
2013-03-05,0.004134698,13.48,1.7095727551204e-05
2013-03-06,0.000470765,13.53,2.21619685225e-07
2013-03-07,0.000788163,13.06,6.21200914569e-07
2013-03-08,0.001941774,12.59,3.770486267076e-06
2013-03-11,0.001408796,11.56,1.9847061696159997e-06
2013-03-12,-0.001044978,12.27,1.091979020484e-06
2013-03-13,0.0005702999999999999,11.83,3.252420899999999e-07
2013-03-14,0.002426567,11.3,5.888227405489001e-06
2013-03-15,-0.000703451,11.3,4.94843309401e-07
2013-03-18,-0.002399731,13.36,5.758708872361e-06
2013-03-19,-0.001053365,14.39,1.1095778232249997e-06
2013-03-20,0.002898988,12.67,8.404131424144e-06
2013-03-21,-0.003612019,13.99,1.3046681256361001e-05
2013-03-22,0.003104626,13.57,9.638702599876001e-06
2013-03-25,-0.0014529679999999998,13.74,2.1111160090239994e-06
2013-03-26,0.003367916,12.77,1.1342858183056e-05
2013-03-27,-0.00025558,13.15,6.532113639999999e-08
2013-03-28,0.001758235,12.7,3.0913903152249998e-06
2013-04-01,-0.001947238,13.58,3.791735828644e-06
2013-04-02,0.002240509,12.78,5.019880579080999e-06
2013-04-03,-0.004604432,14.21,2.1200794042624e-05
2013-04-04,0.00175466,13.89,3.0788317155999996e-06
2013-04-05,-0.00186928,13.92,3.4942077184e-06
2013-04-08,0.002728677,13.19,7.445678170329e-06
2013-04-09,0.001536552,12.84,2.3609920487040003e-06
2013-04-10,0.005261671,12.36,2.7685181712240998e-05
2013-04-11,0.001539985,12.24,2.371553800225e-06
2013-04-12,-0.001233738,12.06,1.5221094526440002e-06
2013-04-15,-0.010090455,17.27,0.000101817282107025
2013-04-16,0.006169529,13.96,3.8063088081841e-05
2013-04-17,-0.006267457,16.51,3.9281017246848994e-05
2013-04-18,-0.002919996,17.56,8.526376640015999e-06
2013-04-19,0.003825691,14.97,1.4635911627481e-05
2013-04-22,0.002019816,14.39,4.079656673856e-06
2013-04-23,0.00450159,13.48,2.02643125281e-05
2013-04-24,2.75e-06,13.61,7.5625e-12
2013-04-25,0.001748738,13.62,3.0580845926439996e-06
2013-04-26,-0.000800745,13.61,6.41192555025e-07
2013-04-29,0.0031096870000000003,13.71,9.670153237969001e-06
2013-04-30,0.00107785,13.52,1.1617606224999999e-06
2013-05-01,-0.004061294,14.49,1.6494108954436e-05
2013-05-02,0.004066731,13.59,1.6538301026360997e-05
2013-05-03,0.004551196,12.85,2.0713385030416004e-05
2013-05-06,0.00082776,12.66,6.851866176e-07
2013-05-07,0.002265568,12.83,5.132798362624e-06
2013-05-08,0.001793875,12.66,3.2179875156249994e-06
2013-05-09,-0.001604276,13.13,2.573701484176e-06
2013-05-10,0.001872852,12.59,3.507574613904e-06
2013-05-13,1.86e-05,12.55,3.4596000000000006e-10
2013-05-14,0.004382509000000001,12.77,1.9206385135081005e-05
2013-05-15,0.002215364,12.81,4.907837652496e-06
2013-05-16,-0.002181156,13.07,4.757441496336e-06
2013-05-17,0.004450394,12.45,1.9806006755236e-05
2013-05-20,-0.000307441,13.02,9.451996848099999e-08
2013-05-21,0.0007473810000000001,13.37,5.585783591610001e-07
2013-05-22,-0.003608136,13.82,1.3018645394496e-05
2013-05-23,-0.001271673,14.07,1.6171522189290002e-06
2013-05-24,-0.000239512,13.99,5.7365998144e-08
2013-05-28,0.002745137,14.48,7.535777148769e-06
2013-05-29,-0.003071718,14.83,9.435451471524001e-06
2013-05-30,0.001591079,14.53,2.531532384241e-06
2013-05-31,-0.006258422,16.3,3.9167845930084e-05
2013-06-03,0.0025703320000000003,16.28,6.606606590224001e-06
2013-06-04,-0.002399922,16.27,5.759625606084e-06
2013-06-05,-0.006026082,17.5,3.6313664270724e-05
2013-06-06,0.003671714,16.63,1.3481483697796e-05
2013-06-07,0.005537232,15.14,3.0660938221824e-05
2013-06-10,-0.000150659,15.44,2.2698134281000003e-08
2013-06-11,-0.004432076,17.07,1.9643297669776e-05
2013-06-12,-0.003650152,18.59,1.3323609623104e-05
2013-06-13,0.006373745,16.41,4.0624625325025e-05
2013-06-14,-0.002563379,17.15,6.570911897641001e-06
2013-06-17,0.003274076,16.8,1.0719573653776e-05
2013-06-18,0.003370539,16.61,1.1360533150521e-05
2013-06-19,-0.006057669,16.64,3.6695353713561e-05
2013-06-20,-0.010999965,20.49,0.00012099923000122501
2013-06-21,0.001157894,18.9,1.340718515236e-06
2013-06-24,-0.00530678,20.11,2.8161913968399996e-05
2013-06-25,0.004105132,18.47,1.6852108737424e-05
2013-06-26,0.004145255,17.21,1.7183139015024997e-05
2013-06-27,0.002684256,16.86,7.205230273535999e-06
2013-06-28,-0.001866961,16.86,3.4855433755210005e-06
2013-07-01,0.002340518,16.37,5.4780245083240006e-06
2013-07-02,-0.000236714,16.44,5.6033517796000005e-08
2013-07-03,0.000357711,16.2,1.27957159521e-07
2013-07-05,0.004408114,14.89,1.9431469036996004e-05
2013-07-08,0.002274764,14.78,5.174551255696e-06
2013-07-09,0.003128514,14.35,9.787599848196001e-06
2013-07-10,7.879999999999999e-05,14.21,6.209439999999998e-09
2013-07-11,0.005846993000000001,14.01,3.418732714204901e-05
2013-07-12,0.001338399,13.84,1.7913118832010002e-06
2013-07-15,0.000596677,13.79,3.56023442329e-07
2013-07-16,-0.001613691,14.42,2.603998643481e-06
2013-07-17,0.001203079,13.78,1.4473990802409999e-06
2013-07-18,0.002180317,13.77,4.753782220489001e-06
2013-07-19,0.000698681,12.54,4.881551397610001e-07
2013-07-22,0.00088202,12.29,7.779592804e-07
2013-07-23,-0.0008050280000000001,12.66,6.480700807840001e-07
2013-07-24,-0.001658336,13.18,2.750078288896e-06
2013-07-25,0.00110883,12.97,1.2295039689000003e-06
2013-07-26,0.00035956800000000005,12.72,1.2928914662400003e-07
2013-07-29,-0.001625561,13.39,2.642448564721e-06
2013-07-30,0.000162315,13.39,2.6346159225000003e-08
2013-07-31,-5.93e-05,13.45,3.5164899999999997e-09
2013-08-01,0.00541243,12.94,2.9294398504900002e-05
2013-08-02,0.000711846,11.98,5.06724727716e-07
2013-08-05,-0.000643153,11.84,4.1364578140900007e-07
2013-08-06,-0.002492616,12.72,6.213134523456e-06
2013-08-07,-0.0016560289999999998,12.98,2.7424320488409995e-06
2013-08-08,0.001684173,12.73,2.836438693929e-06
2013-08-09,-0.001553205,13.41,2.412445772025e-06
2013-08-12,-0.000500977,12.81,2.50977954529e-07
2013-08-13,0.001203939,12.31,1.449469115721e-06
2013-08-14,-0.002254011,13.04,5.0805655881210006e-06
2013-08-15,-0.006247119000000001,14.73,3.9026495800161006e-05
2013-08-16,-0.0014375470000000002,14.37,2.0665413772090004e-06
2013-08-19,-0.002570085,15.1,6.605336907225001e-06
2013-08-20,0.001656383,14.91,2.743604642689e-06
2013-08-21,-0.002517351,15.94,6.337056057201001e-06
2013-08-22,0.00372733,14.76,1.38929889289e-05
2013-08-23,0.001710781,13.98,2.926771629961e-06
2013-08-26,-0.001757962,14.99,3.0904303934440004e-06
2013-08-27,-0.006949367,16.77,4.8293701700688996e-05
2013-08-28,0.001191656,16.49,1.4200440223359997e-06
2013-08-29,0.000851836,16.81,7.25624570896e-07
2013-08-30,-0.0013807620000000002,17.01,1.9065037006440006e-06
2013-09-03,0.00180473,16.61,3.2570503729e-06
2013-09-04,0.003510935,15.88,1.2326664574225002e-05
2013-09-05,0.000525119,15.77,2.75749964161e-07
2013-09-06,2.36e-05,15.85,5.5696e-10
2013-09-09,0.004318334,15.63,1.8648008535556002e-05
2013-09-10,0.003178568,14.53,1.0103294530624e-05
2013-09-11,0.001323567,13.82,1.7518296034890002e-06
2013-09-12,-0.001470593,14.29,2.1626437716490004e-06
2013-09-13,0.001177387,14.16,1.386240147769e-06
2013-09-16,0.002465497,14.38,6.078675457009001e-06
2013-09-17,0.00182788,14.53,3.3411452944e-06
2013-09-18,0.005256751,13.59,2.7633431076000997e-05
2013-09-19,-0.00080111,13.16,6.417772320999999e-07
2013-09-20,-0.003145636,13.12,9.895025844495998e-06
2013-09-23,-0.002054525,14.31,4.221072975625001e-06
2013-09-24,-0.001129412,14.08,1.275571465744e-06
2013-09-25,-0.0011913610000000002,14.01,1.4193410323210004e-06
2013-09-26,0.001511063,14.06,2.283311389969e-06
2013-09-27,-0.001772832,15.46,3.142933300224e-06
2013-09-30,-0.0026264,16.6,6.89797696e-06
2013-10-01,0.0034599170000000003,15.54,1.1971025646889002e-05
2013-10-02,-0.000289626,16.6,8.388321987600002e-08
2013-10-03,-0.003917334000000001,17.67,1.5345505667556004e-05
2013-10-04,0.003052433,16.74,9.317347219488998e-06
2013-10-07,-0.003710067,19.41,1.3764597144489e-05
2013-10-08,-0.00538904,20.34,2.9041752121600005e-05
2013-10-09,0.000249154,19.6,6.207771571600001e-08
2013-10-10,0.009378851,16.48,8.796284608020101e-05
2013-10-11,0.002721575,15.72,7.406970480624999e-06
2013-10-14,0.0017660170000000004,16.07,3.118816044289001e-06
2013-10-15,-0.003078633,18.66,9.477981148689e-06
2013-10-16,0.005964086,14.71,3.557032181539601e-05
2013-10-17,0.002919033,13.48,8.520753655089001e-06
2013-10-18,0.0028348220000000003,13.04,8.036215771684002e-06
2013-10-21,3.98e-05,13.16,1.5840399999999998e-09
2013-10-22,0.002484647,13.33,6.173470714609e-06
2013-10-23,-0.002056702,13.42,4.230023116804e-06
2013-10-24,0.001412704,13.2,1.9957325916160004e-06
2013-10-25,0.001904456,13.09,3.6269526559359994e-06
2013-10-28,0.000577106,13.31,3.3305133523599996e-07
2013-10-29,0.002418447,13.41,5.848885891808999e-06
2013-10-30,-0.002122793,13.65,4.506250120849e-06
2013-10-31,-0.001670626,13.75,2.790991231876e-06
2013-11-01,0.001259119,13.28,1.5853806561609998e-06
2013-11-04,0.0015479029999999998,12.93,2.3960036974089994e-06
2013-11-05,-0.001220143,13.27,1.4887489404489998e-06
2013-11-06,0.001848556,12.67,3.4171592851359997e-06
2013-11-07,-0.005763285999999999,13.91,3.3215465517795996e-05
2013-11-08,0.00579272,12.9,3.3555604998400004e-05
2013-11-11,0.000313844,12.53,9.849805633600001e-08
2013-11-12,-0.001030652,12.82,1.0622435451039998e-06
2013-11-13,0.003501595,12.52,1.2261167544025001e-05
2013-11-14,0.002095731,12.37,4.392088424361e-06
2013-11-15,0.001829732,12.19,3.3479191918239996e-06
2013-11-18,-0.001609078,13.1,2.5891320100839996e-06
2013-11-19,-0.0008881480000000002,13.39,7.888068699040003e-07
2013-11-20,-0.001581803,13.4,2.5021007308089995e-06
2013-11-21,0.003515925,12.66,1.2361728605625e-05
2013-11-22,0.002149398,12.26,4.619911762404e-06
2013-11-25,-0.0005490019999999999,12.79,3.0140319600399994e-07
2013-11-26,6.500000000000001e-05,12.81,4.225000000000001e-09
2013-11-27,0.001077923,12.98,1.1619179939289999e-06
2013-11-29,-0.00034137400000000003,13.7,1.1653620787600002e-07
2013-12-02,-0.001182456,14.23,1.3982021919359998e-06
2013-12-03,-0.001388855,14.55,1.928918211025e-06
2013-12-04,-0.000566477,14.7,3.20896191529e-07
2013-12-05,-0.001888747,15.08,3.5673652300090004e-06
2013-12-06,0.004853341,13.79,2.3554918862280997e-05
2013-12-09,0.0007884330000000001,13.49,6.216265954890001e-07
2013-12-10,-0.001383108,13.91,1.9129877396640004e-06
2013-12-11,-0.004942872,15.42,2.4431983608384002e-05
2013-12-12,-0.001640636,15.54,2.691686484496e-06
2013-12-13,-4.4e-05,15.76,1.936e-09
2013-12-16,0.002736099,16.03,7.4862377378010005e-06
2013-12-17,-0.001348825,16.21,1.8193288806249998e-06
2013-12-18,0.00717059,13.8,5.14173609481e-05
2013-12-19,-0.000251921,14.15,6.3464190241e-08
2013-12-20,0.002087728,13.79,4.358608201984e-06
2013-12-23,0.0023035,13.04,5.30611225e-06
2013-12-24,0.001264461,12.48,1.5988616205209998e-06
2013-12-26,0.002056065,12.33,4.227403284225001e-06
2013-12-27,-0.000146202,12.46,2.1375024804000003e-08
2013-12-30,-7.780000000000001e-05,13.56,6.052840000000001e-09
2013-12-31,0.00171626,13.72,2.9455483876000003e-06
2014-01-02,-0.003865833,14.23,1.4944664783889e-05
2014-01-03,-0.000144632,13.76,2.0918415424000003e-08
2014-01-06,-0.001092225,13.55,1.1929554506250002e-06
2014-01-07,0.002633281,12.92,6.9341688249609996e-06
2014-01-08,-9.22e-05,12.87,8.500840000000001e-09
2014-01-09,0.000151239,12.89,2.2873235121e-08
2014-01-10,0.00100063,12.14,1.0012603969e-06
2014-01-13,-0.005496406,13.28,3.0210478916835995e-05
2014-01-14,0.004672942,12.28,2.1836386935364e-05
2014-01-15,0.002237871,12.28,5.008066612640999e-06
2014-01-16,-0.0005854440000000001,12.53,3.4274467713600007e-07
2014-01-17,-0.0016949410000000002,12.44,2.8728249934810005e-06
2014-01-21,0.001202935,12.87,1.447052614225e-06
2014-01-22,0.000249604,12.84,6.2302156816e-08
2014-01-23,-0.003877951,13.77,1.5038503958401002e-05
2014-01-24,-0.009162078,18.14,8.3943673278084e-05
2014-01-27,-0.002122933,17.42,4.506844522489e-06
2014-01-28,0.002658711,15.8,7.068744181520999e-06
2014-01-29,-0.004456589,17.35,1.9861185514921003e-05
2014-01-30,0.004865857,17.29,2.3676564344449002e-05
2014-01-31,-0.002816966,18.41,7.935297445156e-06
2014-02-03,-0.01003074,21.44,0.0001006157449476
2014-02-04,0.0033058840000000003,19.11,1.0928869021456002e-05
2014-02-05,-0.000881756,19.95,7.774936435360001e-07
2014-02-06,0.005369196999999999,17.23,2.8828276424808992e-05
2014-02-07,0.00573886,15.29,3.29345140996e-05
2014-02-10,0.0006809889999999999,15.26,4.637460181209999e-07
2014-02-11,0.004777829,14.51,2.2827649953240998e-05
2014-02-12,-0.000116957,14.3,1.3678939849e-08
2014-02-13,0.002515973,14.14,6.330120136729e-06
2014-02-14,0.002083598,13.57,4.341380625604e-06
2014-02-18,0.0005028259999999999,13.87,2.5283398627599994e-07
2014-02-19,-0.0028428290000000003,15.5,8.081676723241002e-06
2014-02-20,0.002611554,14.79,6.820214294915999e-06
2014-02-21,-0.000834085,14.68,6.956977872250001e-07
2014-02-24,0.002678495,14.23,7.174335465025e-06
2014-02-25,-0.000585688,13.67,3.43030433344e-07
2014-02-26,9.41e-06,14.35,8.85481e-11
2014-02-27,0.002143625,14.04,4.5951281406250005e-06
2014-02-28,0.001206849,14.0,1.4564845088010002e-06
2014-03-03,-0.0032163340000000004,16.0,1.0344804399556003e-05
2014-03-04,0.006580558,14.1,4.3303743591364e-05
2014-03-05,-2.32e-05,13.89,5.382400000000001e-10
2014-03-06,0.000745662,14.21,5.560118182440001e-07
2014-03-07,0.000233624,14.11,5.4580173376000005e-08
2014-03-10,-0.000201233,14.2,4.0494720288999995e-08
2014-03-11,-0.002212763,14.8,4.8963200941689995e-06
2014-03-12,0.000132526,14.47,1.7563140676e-08
2014-03-13,-0.005111689,16.22,2.6129364432721e-05
2014-03-14,-0.0012272239999999998,17.82,1.5060787461759997e-06
2014-03-17,0.004155218,15.64,1.7265836627523998e-05
2014-03-18,0.003124166,14.52,9.760413195555999e-06
2014-03-19,-0.0026711440000000003,15.12,7.135010268736001e-06
2014-03-20,0.002615469,14.52,6.840678089961e-06
2014-03-21,-0.001275517,15.0,1.6269436172890002e-06
2014-03-24,-0.002117854,15.09,4.485305565316001e-06
2014-03-25,0.001908395,14.02,3.641971476025e-06
2014-03-26,-0.003050906,14.93,9.308027420835999e-06
2014-03-27,-0.0008259760000000001,14.62,6.822363525760001e-07
2014-03-28,0.002010572,14.41,4.042399767184e-06
2014-03-31,0.003427837,13.88,1.1750066498569e-05
2014-04-01,0.003046428,13.1,9.280723559184e-06
2014-04-02,0.001237418,13.09,1.5312033067239997e-06
2014-04-03,-0.000489486,13.37,2.3959654419600005e-07
2014-04-04,-0.005479283000000001,13.96,3.0022542194089005e-05
2014-04-07,-0.004694008,15.57,2.2033711104064004e-05
2014-04-08,0.001625816,14.89,2.643277665856e-06
2014-04-09,0.004715999,13.82,2.2240646568001003e-05
2014-04-10,-0.009166182,15.89,8.4018892457124e-05
2014-04-11,-0.004139717,17.03,1.7137256840089e-05
2014-04-14,0.003554129,16.11,1.2631832948641001e-05
2014-04-15,0.0029247920000000003,15.61,8.554408243264e-06
2014-04-16,0.004531353,14.18,2.0533160010609002e-05
2014-04-17,0.00059193,13.36,3.503811248999999e-07
2014-04-21,0.001636419,13.25,2.6778671435610002e-06
2014-04-22,0.001773559,13.19,3.1455115264810002e-06
2014-04-23,-0.000962287,13.27,9.259962703690001e-07
2014-04-24,0.000745034,13.32,5.55075661156e-07
2014-04-25,-0.003530539,14.06,1.2464705630521e-05
2014-04-28,0.0014031170000000002,13.97,1.9687373156890006e-06
2014-04-29,0.002062687,13.71,4.254677659969e-06
2014-04-30,0.001297477,13.41,1.6834465655290001e-06
2014-05-01,-6.22e-05,13.25,3.868839999999999e-09
2014-05-02,-0.0005860080000000001,12.91,3.4340537606400005e-07
2014-05-05,0.000811895,13.29,6.591734910249999e-07
2014-05-06,-0.003921244,13.8,1.5376154507536e-05
2014-05-07,0.002432379,13.4,5.9164675996410006e-06
2014-05-08,-0.0005969780000000001,13.43,3.563827324840001e-07
2014-05-09,0.000659405,12.92,4.3481495402499995e-07
2014-05-12,0.00418062,12.23,1.7477583584400004e-05
2014-05-13,0.000183145,12.13,3.3542091025e-08
2014-05-14,-0.0020464520000000003,12.17,4.187965788304001e-06
2014-05-15,-0.00408492,13.17,1.66865714064e-05
2014-05-16,0.0016242429999999998,12.44,2.6381653230489993e-06
2014-05-19,0.001666575,12.42,2.777472230625e-06
2014-05-20,-0.002831428,12.96,8.016984519184e-06
2014-05-21,0.003510533,11.91,1.2323841944089e-05
2014-05-22,0.001024703,12.03,1.0500162382090002e-06
2014-05-23,0.001841136,11.36,3.389781770496e-06
2014-05-27,0.002592715,11.51,6.722171071225001e-06
2014-05-28,-0.000484104,11.68,2.34356682816e-07
2014-05-29,0.002324674,11.57,5.404109206276001e-06
2014-05-30,0.0007999810000000001,11.4,6.399696003610001e-07
2014-06-02,0.00031597,11.58,9.98370409e-08
2014-06-03,-0.000164727,11.87,2.7134984529000004e-08
2014-06-04,0.00082076,12.08,6.736469776000001e-07
2014-06-05,0.002824697,11.68,7.978913141809e-06
2014-06-06,0.002005178,10.73,4.020738811683999e-06
2014-06-09,0.000407495,11.15,1.66052175025e-07
2014-06-10,-0.000106847,10.99,1.1416281409000001e-08
2014-06-11,-0.001538835,11.6,2.3680131572249997e-06
2014-06-12,-0.003089625,12.56,9.545782640625e-06
2014-06-13,0.001359183,12.18,1.8473784274889998e-06
2014-06-16,0.000363226,12.65,1.31933127076e-07
2014-06-17,0.00094252,12.06,8.883439504e-07
2014-06-18,0.003339398,10.61,1.1151579002403999e-05
2014-06-19,0.000554448,10.62,3.0741258470400003e-07
2014-06-20,0.000750702,10.85,5.63553492804e-07
2014-06-23,-5.75e-05,10.98,3.3062500000000002e-09
2014-06-24,-0.00280385,12.13,7.8615748225e-06
2014-06-25,0.00212176,11.59,4.5018654976e-06
2014-06-26,-0.0005122719999999999,11.63,2.624226019839999e-07
2014-06-27,0.00082909,11.26,6.873902281e-07
2014-06-30,-0.000161703,11.57,2.6147860209e-08
2014-07-01,0.002890486,11.15,8.354909316196e-06
2014-07-02,0.000286014,10.82,8.180400819600001e-08
2014-07-03,0.002373236,10.32,5.632249111695999e-06
2014-07-07,-0.001707334,11.33,2.9149893875560002e-06
2014-07-08,-0.0030720820000000003,11.98,9.437687814724001e-06
2014-07-09,0.002012312,11.65,4.049399585344e-06
2014-07-10,-0.001797839,12.59,3.2322250699210005e-06
2014-07-11,0.000638368,12.08,4.075137034240001e-07
2014-07-14,0.002098444,11.82,4.403467221136e-06
2014-07-15,-0.000839922,11.96,7.05468966084e-07
2014-07-16,0.001820704,11.0,3.314963055616e-06
2014-07-17,-0.005170115,14.54,2.6730089113225e-05
2014-07-18,0.004435285,12.06,1.9671753031224997e-05
2014-07-21,-0.00100885,12.81,1.0177783225e-06
2014-07-22,0.002173035,12.24,4.722081111224999e-06
2014-07-23,0.0007612789999999999,11.52,5.795457158409999e-07
2014-07-24,0.000211958,11.84,4.4926193763999995e-08
2014-07-25,-0.002111079,12.69,4.456654544241001e-06
2014-07-28,0.00012511100000000002,12.56,1.5652762321000005e-08
2014-07-29,-0.00197084,13.28,3.8842103056000005e-06
2014-07-30,2.65e-05,13.33,7.0225e-10
2014-07-31,-0.008773609,16.95,7.6976214884881e-05
2014-08-01,-0.001243475,17.03,1.5462300756249998e-06
2014-08-04,0.003110996,15.12,9.678296112016e-06
2014-08-05,-0.004226842,16.87,1.7866193292963996e-05
2014-08-06,6.79e-06,16.37,4.61041e-11
2014-08-07,-0.002419929,16.66,5.8560563650409995e-06
2014-08-08,0.004979365,15.77,2.4794075803225005e-05
2014-08-11,0.001196735,14.23,1.432174660225e-06
2014-08-12,-0.0007113569999999999,14.13,5.060287814489999e-07
2014-08-13,0.002903164,12.9,8.428361210896002e-06
2014-08-14,0.001883255,12.42,3.5466493950249995e-06
2014-08-15,-2.67e-05,13.15,7.128899999999999e-10
2014-08-18,0.003689557,12.32,1.3612830856249e-05
2014-08-19,0.0021663470000000003,12.21,4.693059324409001e-06
2014-08-20,0.001074762,11.78,1.155113356644e-06
2014-08-21,0.001279238,11.76,1.6364498606440001e-06
2014-08-22,-0.000866239,11.47,7.50370005121e-07
2014-08-25,0.00207434,11.7,4.3028864356e-06
2014-08-26,0.000456244,11.63,2.0815858753600003e-07
2014-08-27,2.17e-05,11.78,4.708899999999999e-10
2014-08-28,-0.0007345339999999999,12.05,5.395401971559999e-07
2014-08-29,0.001439648,11.98,2.0725863639039998e-06
2014-09-02,-0.000236357,12.25,5.5864631449e-08
2014-09-03,-0.000338496,12.36,1.1457954201599998e-07
2014-09-04,-0.0006669139999999999,12.64,4.4477428339599987e-07
2014-09-05,0.002181583,12.09,4.759304385889e-06
2014-09-08,-0.0013367079999999998,12.66,1.7867882772639995e-06
2014-09-09,-0.002851783,13.5,8.132666279089e-06
2014-09-10,0.00158059,12.88,2.4982647481e-06
2014-09-11,0.000382836,12.8,1.4656340289600002e-07
2014-09-12,-0.002597276,13.31,6.745842620176e-06
2014-09-15,-0.000308517,14.12,9.518273928900001e-08
2014-09-16,0.003238325,12.73,1.0486748805624998e-05
2014-09-17,0.0005623340000000001,12.65,3.1621952755600004e-07
2014-09-18,0.002119026,12.03,4.490271188676e-06
2014-09-19,-0.000207333,12.11,4.2986972889e-08
2014-09-22,-0.003494164,13.69,1.2209182058896e-05
2014-09-23,-0.002515972,14.93,6.330115104784e-06
2014-09-24,0.003388349,13.27,1.1480908945801001e-05
2014-09-25,-0.007079384,15.64,5.0117677819456e-05
2014-09-26,0.003708557,14.85,1.3753395022249e-05
2014-09-29,-0.001107489,15.98,1.226531885121e-06
2014-09-30,-0.0012116,16.31,1.46797456e-06
2014-10-01,-0.005792231,16.71,3.3549939957361e-05
2014-10-02,2.23e-06,16.16,4.9728999999999995e-12
2014-10-03,0.004822252,14.55,2.3254114351504e-05
2014-10-06,-0.0006802560000000001,15.46,4.6274822553600007e-07
2014-10-07,-0.006619356999999999,17.2,4.381588709344899e-05
2014-10-08,0.00751804,15.11,5.65209254416e-05
2014-10-09,-0.009067122,18.76,8.221270136288401e-05
2014-10-10,-0.005001814,21.24,2.5018143290596002e-05
2014-10-13,-0.007211471,24.64,5.2005313983840997e-05
2014-10-14,0.0006851610000000001,22.79,4.694455959210001e-07
2014-10-15,-0.003532257,26.25,1.2476839514049e-05
2014-10-16,6.3e-05,25.2,3.969e-09
2014-10-17,0.005559756999999999,21.99,3.091089789904899e-05
2014-10-20,0.003952565,18.57,1.5622770079224998e-05
2014-10-21,0.008418955,16.08,7.087880329202501e-05
2014-10-22,-0.003181675,17.87,1.0123055805625001e-05
2014-10-23,0.005310694,16.53,2.8203470761636004e-05
2014-10-24,0.003052519,16.11,9.317872245361e-06
2014-10-27,-0.000652624,16.04,4.2591808537599997e-07
2014-10-28,0.005154356,14.39,2.6567385774735996e-05
2014-10-29,-0.000602069,15.15,3.62487080761e-07
2014-10-30,0.00269732,14.52,7.2755351824e-06
2014-10-31,0.005065221,14.03,2.5656463778841e-05
2014-11-03,-5.17e-05,14.73,2.6728900000000003e-09
2014-11-04,-0.001230709,14.89,1.514644642681e-06
2014-11-05,0.002468671,14.17,6.094336506241e-06
2014-11-06,0.001636594,13.67,2.6784399208359995e-06
2014-11-07,0.000151779,13.12,2.3036864841e-08
2014-11-10,0.0013529770000000002,12.67,1.8305467625290006e-06
2014-11-11,0.000302456,12.92,9.1479631936e-08
2014-11-12,-0.000304586,13.02,9.277263139599998e-08
2014-11-13,0.000230057,13.79,5.292622324900001e-08
2014-11-14,0.000104338,13.31,1.0886418244e-08
2014-11-17,0.000319245,13.99,1.0191737002500001e-07
2014-11-18,0.002223935,13.86,4.945886884224999e-06
2014-11-19,-0.000652418,13.96,4.25649246724e-07
2014-11-20,0.0008534539999999999,13.58,7.283837301159998e-07
2014-11-21,0.002268412,12.9,5.145693001744e-06
2014-11-24,0.00124207,12.62,1.5427378849e-06
2014-11-25,-0.000499764,12.25,2.4976405569599996e-07
2014-11-26,0.001216906,12.07,1.480860212836e-06
2014-11-28,-0.001105564,13.33,1.2222717580960001e-06
2014-12-01,-0.002976104,14.29,8.857195018815999e-06
2014-12-02,0.0027639,12.85,7.63914321e-06
2014-12-03,0.001631931,12.47,2.6631987887610003e-06
2014-12-04,-0.000504866,12.38,2.54889677956e-07
2014-12-05,0.000722552,11.82,5.22081392704e-07
2014-12-08,-0.0031629640000000003,14.21,1.0004341265296002e-05
2014-12-09,-0.0001033,14.89,1.0670890000000001e-08
2014-12-10,-0.00715982,18.53,5.12630224324e-05
2014-12-11,0.001965384,20.08,3.862734267456e-06
2014-12-12,-0.00709918,21.08,5.03983566724e-05
2014-12-15,-0.002763334,20.42,7.636014795556e-06
2014-12-16,-0.00370247,23.57,1.3708284100899998e-05
2014-12-17,0.008750192,19.44,7.6565860036864e-05
2014-12-18,0.010306412,16.81,0.00010622212831374399
2014-12-19,0.001980242,16.49,3.921358378564e-06
2014-12-22,0.00165169,15.25,2.7280798561e-06
2014-12-23,0.0007577980000000001,14.8,5.742578088040001e-07
2014-12-24,-6.05e-05,14.37,3.66025e-09
2014-12-26,0.0014349279999999998,14.5,2.0590183651839994e-06
2014-12-29,0.000374093,15.06,1.39945572649e-07
2014-12-30,-0.0021283070000000003,15.92,4.529690686249001e-06
2014-12-31,-0.004501154,19.2,2.0260387331716003e-05
2015-01-02,-0.00014768,17.79,2.18093824e-08
2015-01-05,-0.008011524,19.92,6.418451680257602e-05
2015-01-06,-0.003879669,21.12,1.5051831549561e-05
2015-01-07,0.005021624000000001,19.31,2.5216707597376005e-05
2015-01-08,0.007700141999999998,17.01,5.9292186820163974e-05
2015-01-09,-0.003665186,17.55,1.3433588414596e-05
2015-01-12,-0.0035293340000000007,19.6,1.2456198483556006e-05
2015-01-13,-0.001121303,20.56,1.2573204178089998e-06
2015-01-14,-0.002531947,21.48,6.4107556108090005e-06
2015-01-15,-0.004034993,22.39,1.6281168510049e-05
2015-01-16,0.005791271,20.95,3.3538819795440994e-05
2015-01-20,0.000672614,19.89,4.5240959299599996e-07
2015-01-21,0.002050083,18.85,4.202840306888999e-06
2015-01-22,0.0065814540000000005,16.4,4.331553675411601e-05
2015-01-23,-0.002391545,16.66,5.719487487025e-06
2015-01-26,0.001114034,15.52,1.2410717531560002e-06
2015-01-27,-0.005853538,17.22,3.4263907117444e-05
2015-01-28,-0.005900974,20.44,3.4821494148675996e-05
2015-01-29,0.004121252,18.76,1.6984718047504e-05
2015-01-30,-0.00567931,20.97,3.22545620761e-05
2015-02-02,0.005593356,19.43,3.1285631342736e-05
2015-02-03,0.006226138000000001,17.33,3.876479439504401e-05
2015-02-04,-0.001808705,18.33,3.271413777025e-06
2015-02-05,0.004446657,16.85,1.9772758475648997e-05
2015-02-06,-0.001487026,17.29,2.211246324676e-06
2015-02-09,-0.001848465,18.55,3.4168228562250003e-06
2015-02-10,0.004611744,17.23,2.1268182721536002e-05
2015-02-11,-1.26e-05,16.96,1.5876e-10
2015-02-12,0.004168497,15.34,1.7376367239009003e-05
2015-02-13,0.0017660389999999996,14.69,3.1188937495209985e-06
2015-02-17,0.000693244,15.8,4.80587243536e-07
2015-02-18,-0.00013649200000000002,15.45,1.8630066064000006e-08
2015-02-19,-0.000461495,15.29,2.1297763502500003e-07
2015-02-20,0.002652582,14.3,7.0361912667240005e-06
2015-02-23,-0.00013173,14.56,1.7352792899999995e-08
2015-02-24,0.001196455,13.69,1.4315045670249999e-06
2015-02-25,-0.000332703,13.84,1.10691286209e-07
2015-02-26,-0.00064148,13.91,4.1149659040000005e-07
2015-02-27,-0.00128581,13.34,1.6533073561000002e-06
2015-03-02,0.002651928,13.04,7.032722117184e-06
2015-03-03,-0.001975578,13.86,3.902908434084e-06
2015-03-04,-0.001910097,14.23,3.6484705494089997e-06
2015-03-05,0.0005191390000000001,14.04,2.6950530132100006e-07
2015-03-06,-0.006199702,15.2,3.8436304888804e-05
2015-03-09,0.001709687,15.06,2.9230296379690002e-06
2015-03-10,-0.007429419,16.69,5.519626667756099e-05
2015-03-11,-0.000833628,16.87,6.94935642384e-07
2015-03-12,0.005438549,15.42,2.9577815225401e-05
2015-03-13,-0.0026462490000000003,16.0,7.002633770001001e-06
2015-03-16,0.005838173,15.61,3.4084263977929e-05
2015-03-17,-0.001444351,15.66,2.086149811201e-06
2015-03-18,0.005248499,13.97,2.7546741753001e-05
2015-03-19,-0.002121311,14.07,4.499960358720999e-06
2015-03-20,0.00389664,13.02,1.5183803289599999e-05
2015-03-23,-0.000758788,13.41,5.757592289440001e-07
2015-03-24,-0.002674552,13.62,7.153228400704001e-06
2015-03-25,-0.006369341,15.44,4.0568504774280997e-05
2015-03-26,-0.001033734,15.8,1.068605982756e-06
2015-03-27,0.001027412,15.07,1.0555754177439998e-06
2015-03-30,0.005282062,14.51,2.7900178971843998e-05
2015-03-31,-0.003836835,15.29,1.4721302817224999e-05
2015-04-01,-0.0017255729999999998,15.11,2.977602178328999e-06
2015-04-02,0.0015302120000000002,14.67,2.3415487649440007e-06
2015-04-06,0.002860697,14.74,8.183587325809e-06
2015-04-07,-0.00089639,14.78,8.035150320999999e-07
2015-04-08,0.001163486,13.98,1.3536996721960002e-06
2015-04-09,0.001931551,13.09,3.7308892656010004e-06
2015-04-10,0.002253691,12.58,5.079123123481e-06
2015-04-13,-0.00199417,13.94,3.9767139888999995e-06
2015-04-14,0.000707187,13.67,5.001134529689999e-07
2015-04-15,0.00223014,12.84,4.973524419599999e-06
2015-04-16,-0.00033822800000000004,12.6,1.1439817998400003e-07
2015-04-17,-0.004940393,13.89,2.4407482994449003e-05
2015-04-20,0.003992366,13.3,1.5938986277956e-05
2015-04-21,-0.000643524,13.25,4.1412313857600004e-07
2015-04-22,0.002203879,12.71,4.857082646641001e-06
2015-04-23,0.001022744,12.48,1.0460052895359997e-06
2015-04-24,0.000977276,12.29,9.55068380176e-07
2015-04-27,-0.00180228,13.12,3.2482131984e-06
2015-04-28,0.001200982,12.41,1.4423577643239999e-06
2015-04-29,-0.001627471,13.39,2.648661855841e-06
2015-04-30,-0.00442134,14.55,1.95482473956e-05
2015-05-01,0.004718072,12.7,2.2260203397184004e-05
2015-05-04,0.001275287,12.85,1.6263569323689998e-06
2015-05-05,-0.005171574,14.31,2.6745177637476e-05
2015-05-06,-0.001939408,15.15,3.7613033904640005e-06
2015-05-07,0.001635841,15.13,2.675975777281e-06
2015-05-08,0.005805693000000001,12.86,3.370607121024901e-05
2015-05-11,-0.002216008,13.85,4.910691456064001e-06
2015-05-12,-0.001282912,13.86,1.6458631997439999e-06
2015-05-13,-0.000132432,13.76,1.7538234624000004e-08
2015-05-14,0.00465631,12.74,2.1681222816100004e-05
2015-05-15,0.00033361400000000004,12.38,1.1129830099600002e-07
2015-05-18,0.0013217,12.73,1.7468908900000002e-06
2015-05-19,-0.00027953,12.85,7.81370209e-08
2015-05-20,-0.00040431,12.88,1.634665761e-07
2015-05-21,0.001014147,12.11,1.028494137609e-06
2015-05-22,-0.000971248,12.13,9.43322677504e-07
2015-05-26,-0.0044885,14.06,2.014663225e-05
2015-05-27,0.0039611590000000006,13.27,1.5690780623281006e-05
2015-05-28,-0.000550508,13.31,3.03059058064e-07
2015-05-29,-0.002752752,13.84,7.577643573503999e-06
2015-06-01,0.000893475,13.97,7.98297575625e-07
2015-06-02,-0.000438273,14.24,1.9208322252899997e-07
2015-06-03,0.000919247,13.66,8.45015047009e-07
2015-06-04,-0.003761239,14.71,1.4146918815121e-05
2015-06-05,-0.000624173,14.21,3.89591933929e-07
2015-06-08,-0.002820976,15.29,7.957905592576e-06
2015-06-09,0.000181677,14.47,3.300653232899999e-08
2015-06-10,0.005198708,13.22,2.7026564869264e-05
2015-06-11,0.000754388,12.85,5.691012545440001e-07
2015-06-12,-0.003048259,13.78,9.291882931081002e-06
2015-06-15,-0.002012176,15.39,4.048852254976001e-06
2015-06-16,0.002464048,14.81,6.071532546304e-06
2015-06-17,0.0008589180000000001,14.5,7.377401307240002e-07
2015-06-18,0.004279528,13.19,1.8314359902784002e-05
2015-06-19,-0.002309411,13.96,5.333379166921e-06
2015-06-22,0.002638911,12.74,6.963851265920999e-06
2015-06-23,0.000276096,12.11,7.622900121599998e-08
2015-06-24,-0.003205322,13.26,1.0274089123684e-05
2015-06-25,-0.001293327,14.01,1.6726947289289997e-06
2015-06-26,-0.000169428,14.02,2.8705847184e-08
2015-06-29,-0.009157934,18.85,8.386775514835598e-05
2015-06-30,0.00115299,18.23,1.3293859401e-06
2015-07-01,0.0030019240000000004,16.09,9.011547701776003e-06
2015-07-02,-0.000133816,16.79,1.7906721856000002e-08
2015-07-06,-0.001680382,17.01,2.823683665924e-06
2015-07-07,0.00263292,16.09,6.9322677264e-06
2015-07-08,-0.007293085,19.66,5.318908881722501e-05
2015-07-09,0.000981351,19.97,9.630497852010003e-07
2015-07-10,0.005325735,16.83,2.8363453290225e-05
2015-07-13,0.004779532,13.9,2.2843926139024003e-05
2015-07-14,0.001929719,13.37,3.7238154189610004e-06
2015-07-15,-0.000319308,13.23,1.0195759886400001e-07
2015-07-16,0.0034668290000000003,12.11,1.2018903315241002e-05
2015-07-17,0.000480174,11.95,2.3056707027599999e-07
2015-07-20,0.000334786,12.25,1.12081665796e-07
2015-07-21,-0.001854769,12.22,3.4401680433610003e-06
2015-07-22,-0.001038197,12.12,1.077853010809e-06
2015-07-23,-0.002472095,12.64,6.1112536890250005e-06
2015-07-24,-0.004673452,13.74,2.1841153596303997e-05
2015-07-27,-0.002515325,15.6,6.326859855625e-06
2015-07-28,0.005346175,13.44,2.8581587130624998e-05
2015-07-29,0.003166923,12.5,1.0029401287929e-05
2015-07-30,1.24e-05,12.13,1.5376e-10
2015-07-31,-0.000987673,12.12,9.754979549289997e-07
2015-08-03,-0.001198944,12.56,1.4374667151359999e-06
2015-08-04,-0.000978141,13.0,9.567598158810001e-07
2015-08-05,0.001350582,12.51,1.8240717387239997e-06
2015-08-06,-0.003380193,13.77,1.1425704717249001e-05
2015-08-07,-0.001250346,13.39,1.563365119716e-06
2015-08-10,0.005527223,12.23,3.055019409172901e-05
2015-08-11,-0.004170586,13.71,1.7393787583396003e-05
2015-08-12,0.000412412,13.61,1.7008365774400002e-07
2015-08-13,-0.000554138,13.49,3.0706892304400005e-07
2015-08-14,0.001695599,12.83,2.8750559688010003e-06
2015-08-17,0.0022574360000000003,13.02,5.096017294096001e-06
2015-08-18,-0.0011417489999999998,13.79,1.3035907790009997e-06
2015-08-19,-0.003599965,15.25,1.2959748001225001e-05
2015-08-20,-0.00926172,19.14,8.577945735839999e-05
2015-08-21,-0.014057791000000002,28.03,0.00019762148779968106
2015-08-24,-0.017463596,40.74,0.00030497718525121606
2015-08-25,-0.005912599,36.02,3.4958826934801e-05
2015-08-26,0.016629694,30.32,0.000276546722533636
2015-08-27,0.010426213,26.1,0.000108705917521369
2015-08-28,0.000264299,26.05,6.985396140100001e-08
2015-08-31,-0.003659847,28.43,1.3394480063408999e-05
2015-09-01,-0.013038653999999998,31.4,0.00017000649813171597
2015-09-02,0.007872745,26.09,6.198011383502501e-05
2015-09-03,0.000505565,25.61,2.5559596922500004e-07
2015-09-04,-0.006709108,27.8,4.5012130155664e-05
2015-09-08,0.01075904,24.9,0.00011575694172159999
2015-09-09,-0.006077968,26.23,3.6941695009024e-05
2015-09-10,0.002286159,24.37,5.226522973280999e-06
2015-09-11,0.001944337,23.2,3.780446369569e-06
2015-09-14,-0.001779752,24.25,3.1675171815039996e-06
2015-09-15,0.0055371330000000005,22.54,3.065984185968901e-05
2015-09-16,0.003764332,21.35,1.4170195406224e-05
2015-09-17,-0.001113657,21.14,1.2402319136490003e-06
2015-09-18,-0.00707738,22.28,5.008930766440001e-05
2015-09-21,0.001978395,20.14,3.914046776025e-06
2015-09-22,-0.005383054,22.44,2.8977270366916e-05
2015-09-23,-0.000890631,22.13,7.932235781610001e-07
2015-09-24,-0.001462983,23.47,2.140319258289e-06
2015-09-25,-0.000202333,23.62,4.0938642888999994e-08
2015-09-28,-0.011292195,27.63,0.000127513667918025
2015-09-29,0.000535104,26.83,2.86336290816e-07
2015-09-30,0.00820637,24.5,6.734450857689999e-05
2015-10-01,0.000856421,22.55,7.33456929241e-07
2015-10-02,0.006172963,20.94,3.8105472199369004e-05
2015-10-05,0.007871396999999999,19.54,6.195889073160897e-05
2015-10-06,-0.0015611529999999998,19.4,2.4371986894089995e-06
2015-10-07,0.003475904,18.4,1.2081908617216e-05
2015-10-08,0.003812989,17.42,1.4538885114121001e-05
2015-10-09,0.000314806,17.08,9.910281763599999e-08
2015-10-12,0.000553591,16.17,3.0646299528099997e-07
2015-10-13,-0.002974402,17.67,8.847067257604e-06
2015-10-14,-0.002053108,18.03,4.215252459664001e-06
2015-10-15,0.006403044,16.05,4.0998972465936e-05
2015-10-16,0.001980409,15.05,3.922019807280999e-06
2015-10-19,0.00011747,14.98,1.37992009e-08
2015-10-20,-0.0006176080000000001,15.75,3.8143964166400006e-07
2015-10-21,-0.002537327,16.7,6.438028304928999e-06
2015-10-22,0.007161869,14.45,5.1292367573161005e-05
2015-10-23,0.004764213,14.46,2.2697725509369e-05
2015-10-26,-0.0008316510000000001,15.29,6.916433858010001e-07
2015-10-27,-0.00111065,15.43,1.2335434224999998e-06
2015-10-28,0.005111815,14.33,2.6130652594224996e-05
2015-10-29,-0.00019534,14.61,3.8157715600000005e-08
2015-10-30,-0.002093984,15.07,4.3847689922560006e-06
2015-11-02,0.005126370999999999,14.15,2.6279679629640994e-05
2015-11-03,0.001183173,14.54,1.399898347929e-06
2015-11-04,-0.001542473,15.51,2.3792229557289997e-06
2015-11-05,-0.000491938,15.05,2.42002995844e-07
2015-11-06,-0.000151,14.33,2.2801000000000003e-08
2015-11-09,-0.004287073,16.52,1.8378994907329e-05
2015-11-10,0.00065557,15.29,4.2977202489999993e-07
2015-11-11,-0.001404214,16.06,1.971816957796e-06
2015-11-12,-0.00611884,18.37,3.74402029456e-05
2015-11-13,-0.004894792,20.08,2.3958988723264e-05
2015-11-16,0.006424671,18.16,4.1276397458241e-05
2015-11-17,-0.000582075,18.84,3.3881130562500007e-07
2015-11-18,0.006963115,16.85,4.8484970503225e-05
2015-11-19,-0.000488016,16.99,2.3815961625600003e-07
2015-11-20,0.0016516170000000002,15.47,2.7278387146890007e-06
2015-11-23,-0.000536659,15.62,2.8800288228099996e-07
2015-11-24,0.000530423,15.93,2.8134855892900003e-07
2015-11-25,-5.6100000000000015e-05,15.19,3.1472100000000016e-09
2015-11-27,0.00025773,15.12,6.642475290000001e-08
2015-11-30,-0.00202021,16.13,4.081248444100001e-06
2015-12-01,0.004613924,14.67,2.1288294677776002e-05
2015-12-02,-0.004801843,15.91,2.3057696196649002e-05
2015-12-03,-0.006287663000000001,18.11,3.9534706001569006e-05
2015-12-04,0.00882397,14.81,7.78624465609e-05
2015-12-07,-0.003046187,15.84,9.279255238969e-06
2015-12-08,-0.002827718,17.6,7.995989087524e-06
2015-12-09,-0.003374052,19.61,1.1384226898704001e-05
2015-12-10,0.000976669,19.34,9.538823355610002e-07
2015-12-11,-0.008518198000000001,24.39,7.255969716720402e-05
2015-12-14,0.00206043,22.73,4.245371784899999e-06
2015-12-15,0.00458725,20.95,2.1042862562500002e-05
2015-12-16,0.006258451999999999,17.86,3.9168221436303994e-05
2015-12-17,-0.006581625,18.94,4.3317787640624996e-05
2015-12-18,-0.0077988480000000015,20.7,6.082203012710402e-05
2015-12-21,0.0033650520000000003,18.7,1.1323574962704002e-05
2015-12-22,0.00381229,16.6,1.4533555044099999e-05
2015-12-23,0.005359873,15.57,2.8728238576129003e-05
2015-12-24,-0.0006948239999999999,15.74,4.827803909759999e-07
2015-12-28,-0.000947171,16.91,8.97132903241e-07
2015-12-29,0.004592062,16.08,2.1087033411844e-05
2015-12-30,-0.003145768,17.29,9.895856309824e-06
2015-12-31,-0.004106864,18.21,1.6866331914496e-05
2016-01-04,-0.006697727,20.7,4.485954696652899e-05
2016-01-05,0.0008730360000000001,19.34,7.621918572960002e-07
2016-01-06,-0.005733637,20.59,3.2874593247768995e-05
2016-01-07,-0.010416898,24.99,0.00010851176394240401
2016-01-08,-0.004732755,27.01,2.2398969890025e-05
2016-01-11,0.00037041,24.3,1.372035681e-07
2016-01-12,0.003375558,22.47,1.1394391811364e-05
2016-01-13,-0.010979991,25.22,0.00012056020236008099
2016-01-14,0.007191089,23.95,5.1711761005921006e-05
2016-01-15,-0.009483153,27.02,8.993019082140898e-05
2016-01-19,0.000230906,26.05,5.331758083599999e-08
2016-01-20,-0.005108504,27.59,2.6096813118016e-05
2016-01-21,0.002250501,26.69,5.064754751000999e-06
2016-01-22,0.008720941,22.34,7.605481192548099e-05
2016-01-25,-0.006845136,24.15,4.6855886858496e-05
2016-01-26,0.006099758,22.5,3.7207047658564e-05
2016-01-27,-0.004743753,23.11,2.2503192525008998e-05
2016-01-28,0.00239441,22.42,5.7331992481e-06
2016-01-29,0.010622256000000002,20.2,0.00011283232252953604
2016-02-01,-0.000192541,19.98,3.7072036681000005e-08
2016-02-02,-0.008217278,21.98,6.7523657729284e-05
2016-02-03,0.0021626220000000003,21.65,4.676933914884002e-06
2016-02-04,0.0006625639999999999,21.84,4.389910540959999e-07
2016-02-05,-0.00810142,23.38,6.56330060164e-05
2016-02-08,-0.006190868,26.0,3.8326846593424005e-05
2016-02-09,-0.000288307,26.54,8.312092624900002e-08
2016-02-10,-8.209999999999999e-05,26.29,6.740409999999999e-09
2016-02-11,-0.00537545,28.14,2.8895462702500003e-05
2016-02-12,0.008394902,25.4,7.047437958960399e-05
2016-02-16,0.007114515,24.11,5.0616323685225004e-05
2016-02-17,0.007099028,22.31,5.0396198544784004e-05
2016-02-18,-0.002031038,21.64,4.1251153574440005e-06
2016-02-19,-1.13e-05,20.53,1.2769e-10
2016-02-22,0.00623245,19.38,3.884343300249999e-05
2016-02-23,-0.0054428340000000006,20.98,2.9624441951556006e-05
2016-02-24,0.001923901,20.72,3.701395057801e-06
2016-02-25,0.00490076,19.11,2.4017448577599996e-05
2016-02-26,-0.000812963,19.81,6.60908839369e-07
2016-02-29,-0.003541279,20.55,1.2540656955841e-05
2016-03-01,0.010244307,17.7,0.00010494582591024898
2016-03-02,0.001774511,17.09,3.1488892891210004e-06
2016-03-03,0.001516816,16.7,2.300730777856e-06
2016-03-04,0.00143337,16.86,2.0545495569e-06
2016-03-07,0.000384183,17.35,1.47596577489e-07
2016-03-08,-0.004909159000000001,18.67,2.4099842087281007e-05
2016-03-09,0.0021887020000000003,18.34,4.790416444804001e-06
2016-03-10,6.77e-05,18.05,4.583290000000001e-09
2016-03-11,0.007062735,16.5,4.9882225680225e-05
2016-03-14,-0.000547995,16.92,3.00298520025e-07
2016-03-15,-0.0007985160000000001,16.84,6.376278022560001e-07
2016-03-16,0.002425434,14.99,5.882730088356001e-06
2016-03-17,0.002854872,14.44,8.150294136384e-06
2016-03-18,0.00190912,14.02,3.6447391744000003e-06
2016-03-21,0.000427816,13.79,1.83026529856e-07
2016-03-22,-0.000381202,14.17,1.4531496480399997e-07
2016-03-23,-0.002782293,14.94,7.741154337849e-06
2016-03-24,-0.000164221,14.74,2.6968536841000004e-08
2016-03-28,0.000236714,15.24,5.6033517796000005e-08
2016-03-29,0.003812251,13.82,1.4533257687001e-05
2016-03-30,0.001885233,13.56,3.5541034642890003e-06
2016-03-31,-0.0008867689999999998,13.95,7.863592593609996e-07
2016-04-01,0.002740807,13.1,7.5120230112490005e-06
2016-04-04,-0.001395566,14.12,1.947604460356e-06
2016-04-05,-0.00442823,15.42,1.96092209329e-05
2016-04-06,0.00453962,14.09,2.0608149744400002e-05
2016-04-07,-0.005232438,16.16,2.7378407423844e-05
2016-04-08,0.001208525,15.36,1.460532675625e-06
2016-04-11,-0.00119151,16.26,1.4196960801e-06
2016-04-12,0.004176073,14.85,1.7439585701328996e-05
2016-04-13,0.004338642,13.84,1.8823814404164003e-05
2016-04-14,7.509999999999998e-05,13.72,5.640009999999997e-09
2016-04-15,-0.00042767,13.62,1.8290162890000001e-07
2016-04-18,0.002831459,13.35,8.017160068681001e-06
2016-04-19,0.0013375210000000002,13.24,1.7889624254410004e-06
2016-04-20,0.00033063900000000003,13.28,1.0932214832100002e-07
2016-04-21,-0.002261632,13.95,5.1149793034239994e-06
2016-04-22,2.08e-05,13.22,4.3264e-10
2016-04-25,-0.0007876669999999999,14.08,6.204193028889999e-07
2016-04-26,0.0008125830000000001,13.96,6.602911318890001e-07
2016-04-27,0.000715725,13.77,5.122622756249999e-07
2016-04-28,-0.004027521,15.22,1.6220925405441e-05
2016-04-29,-0.002204455,15.7,4.859621847025e-06
2016-05-02,0.003378665,14.68,1.1415377182225e-05
2016-05-03,-0.003784698,15.6,1.4323938951203999e-05
2016-05-04,-0.002586043,16.05,6.6876183978490005e-06
2016-05-05,-0.000103763,15.91,1.0766760169e-08
2016-05-06,0.001376542,14.72,1.8948678777639997e-06
2016-05-09,0.000327106,14.57,1.0699833523600002e-07
2016-05-10,0.005388026,13.63,2.9030824176675998e-05
2016-05-11,-0.004172508,14.69,1.7409823010064002e-05
2016-05-12,-7.36e-05,14.41,5.41696e-09
2016-05-13,-0.003697746,15.04,1.3673325480516e-05
2016-05-16,0.004233942,14.68,1.7926264859364002e-05
2016-05-17,-0.00410664,15.57,1.6864492089599998e-05
2016-05-18,8.909999999999997e-05,15.95,7.938809999999995e-09
2016-05-19,-0.001612801,16.33,2.601127065601e-06
2016-05-20,0.002606394,15.2,6.793289683236001e-06
2016-05-23,-0.000906643,15.82,8.220015294490001e-07
2016-05-24,0.005901466,14.42,3.4827300949156e-05
2016-05-25,0.003018581,13.9,9.111831253561001e-06
2016-05-26,-9.14e-05,13.43,8.35396e-09
2016-05-27,0.001857787,13.12,3.451372537369e-06
2016-05-31,-0.000434706,14.19,1.88969306436e-07
2016-06-01,0.000490566,14.2,2.40655000356e-07
2016-06-02,0.001225027,13.63,1.5006911507290001e-06
2016-06-03,-0.001266403,13.47,1.603776558409e-06
2016-06-06,0.002121665,13.65,4.501462372225e-06
2016-06-07,0.000559645,14.05,3.13202526025e-07
2016-06-08,0.001434905,14.08,2.058952359025e-06
2016-06-09,-0.0007466269999999999,14.64,5.574518771289999e-07
2016-06-10,-0.004003142,17.03,1.6025145872164e-05
2016-06-13,-0.0035387590000000007,20.97,1.2522815260081005e-05
2016-06-14,-0.000781951,20.5,6.114473664010001e-07
2016-06-15,-0.000800134,20.14,6.402144179559999e-07
2016-06-16,0.0013585160000000002,19.37,1.8455657222560004e-06
2016-06-17,-0.001417222,19.41,2.008518197284e-06
2016-06-20,0.002515159,18.37,6.326024795280999e-06
2016-06-21,0.001176259,18.48,1.3835852350810002e-06
2016-06-22,-0.000717868,21.17,5.15334465424e-07
2016-06-23,0.005765480999999999,17.25,3.324077116136099e-05
2016-06-24,-0.01588683,25.76,0.00025239136744890006
2016-06-27,-0.007931194,23.85,6.290383826563601e-05
2016-06-28,0.0076497319999999985,18.75,5.8518399671823975e-05
2016-06-29,0.0073348940000000015,16.64,5.380066999123602e-05
2016-06-30,0.005851606,15.63,3.4241292779235995e-05
2016-07-01,0.0008454760000000001,14.77,7.148296665760001e-07
2016-07-05,-0.00298407,15.58,8.9046737649e-06
2016-07-06,0.002318577,14.96,5.375799304929001e-06
2016-07-07,-0.00037867,14.76,1.4339096890000001e-07
2016-07-08,0.006574431,13.2,4.322314297376101e-05
2016-07-11,0.001477824,13.54,2.183963774976e-06
2016-07-12,0.003033482,13.55,9.202013044324e-06
2016-07-13,5.85e-05,13.04,3.42225e-09
2016-07-14,0.002278044,12.82,5.189484465935999e-06
2016-07-15,-0.000403622,12.67,1.62910718884e-07
2016-07-18,0.001033407,12.44,1.0679300276490002e-06
2016-07-19,-0.000623763,11.97,3.8908028016900006e-07
2016-07-20,0.001850621,11.77,3.424798085641e-06
2016-07-21,-0.0015717220000000002,12.74,2.4703100452840006e-06
2016-07-22,0.001973251,12.02,3.893719509001e-06
2016-07-25,-0.001309831,12.87,1.715657248561e-06
2016-07-26,0.000140171,13.05,1.9647909241e-08
2016-07-27,-0.000520862,12.83,2.7129722304399996e-07
2016-07-28,0.000697012,12.72,4.85825728144e-07
2016-07-29,0.000707884,11.87,5.01099757456e-07
2016-08-01,-0.00055181,12.44,3.044942761e-07
2016-08-02,-0.00277163,13.37,7.681932856900001e-06
2016-08-03,0.001358924,12.86,1.8466744377760003e-06
2016-08-04,9.23e-05,12.42,8.519289999999998e-09
2016-08-05,0.003720446,11.39,1.3841718438916001e-05
2016-08-08,-0.000394111,11.5,1.5532348032099998e-07
2016-08-09,0.000169233,11.66,2.8639808289e-08
2016-08-10,-0.001245903,12.05,1.552274285409e-06
2016-08-11,0.002051343,11.68,4.2080081036490005e-06
2016-08-12,-0.00034585800000000005,11.55,1.1961775616400003e-07
2016-08-15,0.001211283,11.81,1.467206506089e-06
2016-08-16,-0.002386076,12.64,5.693358677776e-06
2016-08-17,0.000810747,12.19,6.57310698009e-07
2016-08-18,0.000954223,11.43,9.105415337290001e-07
2016-08-19,-0.0006259719999999999,11.34,3.918409447839999e-07
2016-08-22,-0.00024467200000000003,12.27,5.986438758400002e-08
2016-08-23,0.000846815,12.38,7.17095644225e-07
2016-08-24,-0.002281815,13.45,5.206679694225e-06
2016-08-25,-0.000593322,13.63,3.52030995684e-07
2016-08-26,-0.000686227,13.65,4.7090749552899997e-07
2016-08-29,0.002264629,12.94,5.1285445076410005e-06
2016-08-30,-0.0008493489999999999,13.12,7.213937238009999e-07
2016-08-31,-0.001033019,13.42,1.067128254361e-06
2016-09-01,-1.8e-05,13.48,3.24e-10
2016-09-02,0.001820693,11.98,3.314923000249e-06
2016-09-06,0.001293,12.02,1.6718490000000003e-06
2016-09-07,-6.36e-05,11.94,4.0449600000000005e-09
2016-09-08,-0.000966544,12.51,9.342073039359999e-07
2016-09-09,-0.010782554,17.5,0.00011626347076291599
2016-09-12,0.0063278430000000005,15.16,4.0041597032649005e-05
2016-09-13,-0.006489115,17.85,4.2108613483225e-05
2016-09-14,-0.0002553,18.14,6.517809000000001e-08
2016-09-15,0.00436836,16.3,1.90825690896e-05
2016-09-16,-0.001641365,15.37,2.6940790632250005e-06
2016-09-19,-8.12e-06,15.53,6.59344e-11
2016-09-20,0.000129916,15.92,1.6878167056e-08
2016-09-21,0.004715548,13.3,2.2236392940303998e-05
2016-09-22,0.002813723,12.02,7.917037120729e-06
2016-09-23,-0.002498625,12.29,6.243126890625e-06
2016-09-26,-0.003745756,14.5,1.4030688011535999e-05
2016-09-27,0.002789722,13.1,7.782548837284001e-06
2016-09-28,0.002294157,12.39,5.263156340648999e-06
2016-09-29,-0.004067176,14.02,1.6541920614975996e-05
2016-09-30,0.003446704,13.29,1.1879768463616001e-05
2016-10-03,-0.001418402,13.57,2.011864233604e-06
2016-10-04,-0.002157531,13.63,4.654940015961e-06
2016-10-05,0.001862034,12.99,3.4671706171560002e-06
2016-10-06,0.000209081,12.84,4.371486456100001e-08
2016-10-07,-0.001415268,13.48,2.0029835118239997e-06
2016-10-10,0.001995742,13.38,3.982986130564e-06
2016-10-11,-0.005439369,15.36,2.9586735118161003e-05
2016-10-12,0.0004976819999999999,15.91,2.476873731239999e-07
2016-10-13,-0.001348107,16.69,1.8173924834490002e-06
2016-10-14,8.759999999999999e-05,16.12,7.673759999999998e-09
2016-10-17,-0.001321396,16.21,1.7460873888160003e-06
2016-10-18,0.002667202,15.28,7.113966508804e-06
2016-10-19,0.000950931,14.41,9.04269766761e-07
2016-10-20,-0.000597891,13.75,3.57473647881e-07
2016-10-21,-3.65e-05,13.34,1.33225e-09
2016-10-24,0.0020579120000000003,13.02,4.235001799744001e-06
2016-10-25,-0.0016524379999999998,13.46,2.7305513438439992e-06
2016-10-26,-0.0007565139999999999,14.24,5.723134321959999e-07
2016-10-27,-0.001299082,15.36,1.687614042724e-06
2016-10-28,-0.001351994,16.19,1.827887776036e-06
2016-10-31,-5.31e-05,17.06,2.8196100000000004e-09
2016-11-01,-0.002957568,18.56,8.747208474623999e-06
2016-11-02,-0.00284327,19.32,8.084184292900001e-06
2016-11-03,-0.001925314,22.08,3.706833998596e-06
2016-11-04,-0.0007241989999999999,22.51,5.244641916009999e-07
2016-11-07,0.009545861,18.71,9.112346223132098e-05
2016-11-08,0.0016350579999999998,18.74,2.6734146633639993e-06
2016-11-09,0.00478425,14.38,2.28890480625e-05
2016-11-10,0.000846379,14.74,7.163574116409999e-07
2016-11-11,-0.000607541,14.17,3.6910606668099996e-07
2016-11-14,-5.02e-05,14.48,2.52004e-09
2016-11-15,0.0032367890000000003,13.37,1.0476803030521002e-05
2016-11-16,-0.000687722,13.72,4.7296154928399996e-07
2016-11-17,0.002026153,13.35,4.105295979409e-06
2016-11-18,-0.00103777,12.85,1.0769665729e-06
2016-11-21,0.00322841,12.42,1.04226311281e-05
2016-11-22,0.000939417,12.41,8.82504299889e-07
2016-11-23,0.000350773,12.43,1.23041697529e-07
2016-11-25,0.0016966529999999998,12.34,2.8786314024089992e-06
2016-11-28,-0.0022880070000000003,13.15,5.234976032049002e-06
2016-11-29,0.000579535,12.9,3.3586081622499994e-07
2016-11-30,-0.001153919,13.33,1.331529058561e-06
2016-12-01,-0.001529469,14.07,2.3392754219610003e-06
2016-12-02,0.00017240900000000002,14.12,2.9724863281000006e-08
2016-12-05,0.002520829,12.14,6.3545788472410005e-06
2016-12-06,0.001478806,11.79,2.1868671856360002e-06
2016-12-07,0.005679401999999999,12.22,3.225560707760399e-05
2016-12-08,0.00093681,12.64,8.776129761000001e-07
2016-12-09,0.002571622,11.75,6.613239710884e-06
2016-12-12,-0.00049425,12.64,2.442830625e-07
2016-12-13,0.002830939,12.72,8.014215621721e-06
2016-12-14,-0.00353964,13.19,1.2529051329600001e-05
2016-12-15,0.001683198,12.79,2.8331555072039997e-06
2016-12-16,-0.00076096,12.2,5.790601216e-07
2016-12-19,0.000856946,11.71,7.343564469160001e-07
2016-12-20,0.001576889,11.45,2.4865789183209997e-06
2016-12-21,-0.001068517,11.27,1.1417285792889998e-06
2016-12-22,-0.0008098389999999999,11.43,6.558392059209998e-07
2016-12-23,0.000543258,11.44,2.9512925456400003e-07
2016-12-27,0.00097539,11.99,9.513856521e-07
2016-12-28,-0.003644451,12.95,1.3282023091401e-05
2016-12-29,-0.000127416,13.37,1.6234837055999996e-08
2016-12-30,-0.002018542,14.04,4.074511805763999e-06
