,forecast,vix,close_ae,close_mse,close_ql,forecast_DR,actual_DR,DA_DR,forecast_IDR,actual_IDR,DA_IDR,close_err
2017-01-31,0.6215899248736485,11.99,11.368410075126352,129.24074763623435,2.0113900198499888,-2.950331002370282,0.009216655104924048,0,-2.9842606120137263,-0.024712954538520474,1,-11.368410075126352
2017-04-12,0.11664038611828481,15.77,15.653359613881715,245.02766720150314,3.9141654479752503,-4.861365713023725,0.04540338833654285,0,-4.867320080599546,0.03944902076072129,0,-15.653359613881715
2017-04-13,0.26641745736175376,15.96,15.693582542638246,246.28853302259992,3.109469226990357,-4.080800212800675,0.01197619104671584,0,-4.088380792374353,0.004395611473038129,0,-15.693582542638246
2017-05-01,4.426001779929763,10.11,5.683998220070237,32.30783576576162,0.2638129372158282,-0.8938996296364262,-0.06787124038595548,1,-0.9030993265348497,-0.07707093728437901,1,-5.683998220070237
2017-05-02,2.499870759864786,10.59,8.090129240135214,65.45019112209077,0.6797306869675674,-1.3972859985485977,0.046385126580935125,0,-1.401234671004014,0.04243645412551875,0,-8.090129240135214
2017-05-03,4.134836817873877,10.68,6.545163182126123,42.83916108065935,0.33608197488789315,-0.9404622955502573,0.008462673918733728,0,-0.9376254142150575,0.011299555253933247,0,-6.545163182126123
2017-05-04,4.2200807991995735,10.46,6.239919200800427,38.936591632517846,0.31115359123164765,-0.9285185589376679,-0.020814374895271878,1,-0.9313236098652766,-0.023619425822880586,1,-6.239919200800427
2017-05-05,2.88408855087703,10.57,7.685911449122971,59.07323480375956,0.5716669364288329,-1.288349535497841,0.010461341245369331,0,-1.293118261749924,0.0056926149932864985,0,-7.685911449122971
2017-05-08,3.2820135110907676,9.77,6.4879864889092325,42.09396868026875,0.42678704460197503,-1.1695626904979288,-0.07870333382745497,1,-1.1657712167616665,-0.07491186009119272,1,-6.4879864889092325
2017-05-09,0.1420751290281973,9.96,9.817924870971803,96.3916487720467,3.264240926413832,-4.230715749684446,0.019260605541815655,0,-4.240899137075145,0.0090772181511169,0,-9.817924870971803
2017-05-10,0.9294983090279307,10.21,9.28050169097207,86.12771163613544,1.4875159554525297,-2.3716873626464166,0.02479056058006741,0,-2.3503775760596652,0.046100347166818476,0,-9.28050169097207
2017-05-11,1.7196339220794779,10.6,8.880366077920522,78.86090167788151,0.980972184236276,-1.781256200004312,0.037486368941447246,0,-1.7939084369080207,0.024834132037738394,0,-8.880366077920522
2017-05-12,2.048942312736831,10.4,8.35105768726317,69.74016449599728,0.8214957750658609,-1.6435302861195524,-0.019048194970694363,1,-1.6547874406441871,-0.030305349495328922,1,-8.35105768726317
2017-05-15,0.41553604782628817,10.42,10.004463952173712,100.08929897034325,2.2617916464779353,-3.2199917168925287,0.0019212301778938723,0,-3.2333634538584177,-0.011450506787995378,1,-10.004463952173712
2017-05-18,8.052002983398102,14.66,6.607997016601898,43.665624571419585,0.1484516806065126,-0.6607088047758026,-0.06150698661117967,1,-0.5574130080886363,0.04178881007598665,0,-6.607997016601898
2017-05-19,0.31704065477160703,12.04,11.722959345228393,137.42777580987772,2.663291985014437,-3.8338479612956227,-0.1968882565778305,1,-3.804077676938878,-0.16711797222108618,1,-11.722959345228393
2017-08-11,3.0435588952155403,15.51,12.46644110478446,155.4121538190596,0.8246894943637058,-1.6620580825268736,-0.03360062524992095,1,-1.670130153677521,-0.041672696400568185,1,-12.46644110478446
2017-09-06,2.354508002396321,11.63,9.27549199760368,86.03475179760991,0.7997074240497501,-1.6475601602366312,-0.05030398316850789,1,-1.65082546926037,-0.05356929219224692,1,-9.27549199760368
2017-09-07,0.7815313945022905,11.55,10.768468605497711,115.95991610758982,1.7608504505884928,-2.700087924350199,-0.006902529562770463,1,-2.725556193929451,-0.03237079914202212,1,-10.768468605497711
2017-09-08,0.5093479560638462,12.12,11.610652043936152,134.80724088535877,2.211506278343783,-3.1213093257542583,0.048171543673365756,0,-3.1486380974080324,0.020842772019591622,0,-11.610652043936152
2017-09-11,0.9752343959581603,10.73,9.75476560404184,95.15545198979775,1.4890095611235288,-2.519934411407443,-0.1218134239985612,1,-2.4569348594644596,-0.05881387205557773,1,-9.75476560404184
2018-02-06,45.23878121578765,29.98,15.258781215787646,232.8304041912739,0.09754113296093991,0.19242533449446358,-0.2189988833046914,0,0.19242533449446358,-0.2189988833046914,0,15.258781215787646
2018-02-07,7.554530653610377,27.73,20.175469346389622,407.0495633471073,0.5727990758057353,-1.3783830228225549,-0.07801563304676497,1,-1.4240232774529897,-0.12365588767719983,1,-20.175469346389622
2018-02-20,3.4466856657177742,20.6,17.15331433428223,294.23619265069215,0.9551928212429677,-1.7309479840636517,0.056929999037676315,0,-1.784474138336635,0.003403844764693294,0,-17.15331433428223
2018-02-21,15.118841780243402,20.02,4.9011582197565975,24.02135189508766,0.03597691001557202,-0.30934930981397285,-0.028559301908460927,1,-0.31708629231612523,-0.03629628441061347,1,-4.9011582197565975
2018-02-22,20.879140895181045,18.72,2.1591408951810465,4.661889405243211,0.006180576781464886,0.042018843414082144,-0.06713930283762856,0,0.014916913636290788,-0.09424123261541986,0,2.1591408951810465
2018-02-23,18.870948223310585,16.49,2.380948223310586,5.668914442085836,0.00951792798253237,0.00803113737643563,-0.1268383344779385,0,0.0494765455518279,-0.08539292630254612,0,2.380948223310586
2018-02-26,15.473293479560446,15.8,0.3267065204395543,0.1067371504977209,0.00021677562450239662,-0.06363860003900983,-0.04274419653858626,1,-0.06606137530043528,-0.04516697180001174,1,-0.3267065204395543
2018-02-27,18.347116454506697,18.59,0.24288354549330293,0.05899241667139735,8.61015467066295e-05,0.14946248067587112,0.16261386170043138,1,0.14756554681587147,0.16071692784043187,1,-0.24288354549330293
2018-02-28,31.911469935080667,19.85,12.061469935080666,145.4790569948548,0.13286923008293683,0.540341702525004,0.06558020539984692,1,0.5681591492943263,0.09339765216916923,1,12.061469935080666
2018-03-01,38.556735780739764,22.47,16.086735780739765,258.783068079333,0.1759708685208099,0.6639268060367649,0.12397707906403822,1,0.6584005422866464,0.11845081531391978,1,16.086735780739765
2018-03-02,45.25023837691592,19.59,25.660238376915917,658.4478335601484,0.4726754274105218,0.7000268519329633,-0.1371618542407884,0,0.7000268519329633,-0.1371618542407884,0,25.660238376915917
2018-03-05,32.88676535534105,18.73,14.156765355341047,200.41400532618454,0.19288991669141442,0.5180510760484457,-0.04489271550045216,0,0.42269449145513815,-0.14024930009375963,0,14.156765355341047
2018-03-06,27.762842695159957,18.36,9.402842695159958,88.41345074992297,0.09861325393029174,0.39357201650322104,-0.019952131263652837,0,0.41953345293071764,0.006009305163843936,1,9.402842695159958
2018-03-07,28.05621032245854,17.76,10.296210322458538,106.01194700430176,0.12248030044141944,0.42403562414076357,-0.03322564762832028,0,0.3329928055485474,-0.1242684662205365,0,10.296210322458538
2018-03-08,28.581509677035662,16.54,12.041509677035663,144.9979553021435,0.1810452553151829,0.47581125639201294,-0.07116704796847889,0,0.4871364057490665,-0.059841898611425345,0,12.041509677035663
2018-03-09,26.29275288681068,14.64,11.652752886810678,135.7866498410746,0.21041722899543203,0.463511655981169,-0.12202418106237968,0,0.47140244047471463,-0.11413339656883399,0,11.652752886810678
2018-03-12,21.723242205693612,15.78,5.943242205693613,35.322127915537884,0.05699187715510279,0.3946252482144796,0.0749858068845626,1,0.3518379730092708,0.032198531679353715,1,5.943242205693613
2018-03-13,26.19060240947482,16.35,9.840602409474819,96.83745578136161,0.1306989445824427,0.5066573443446096,0.03548458192553425,1,0.5117399474080755,0.040567184989000124,1,9.840602409474819
2018-03-14,26.238792020049022,17.23,9.008792020049022,81.15833366049894,0.10226814482195157,0.4730110298516424,0.052424153196575785,1,0.4584388229925518,0.0378519463374852,1,9.008792020049022
2018-03-15,27.01599217216338,16.59,10.42599217216338,108.70131277401207,0.14082151304713086,0.4497769427952142,-0.03785194633748519,0,0.46380405765121185,-0.02382483148148743,0,10.42599217216338
2018-03-16,22.587461881949476,15.8,6.787461881949476,46.06963879891712,0.07220116674888732,0.308594864141774,-0.048790164169431945,0,0.30799227298162957,-0.049392755329576474,0,6.787461881949476
2018-03-19,16.301847266828,19.02,2.7181527331720012,7.388354280850421,0.01130238813543194,0.03126849061177233,0.1854811170843231,1,-0.019929862560142817,0.134282763912408,0,-2.7181527331720012
2018-03-20,23.47638686376747,18.2,5.2763868637674705,27.84025833613792,0.035337858545795964,0.2105040445607793,-0.044069463034494646,0,0.24473198475048263,-0.00984152284479132,0,5.2763868637674705
2018-03-21,18.42042838930909,17.86,0.5604283893090916,0.3140799795435827,0.0004822573092753135,0.012038693222570654,-0.018858018634396723,0,0.0365115497412962,0.00561483788432876,1,0.5604283893090916
2018-03-22,16.159684170554865,23.34,7.180315829445135,51.55693541058038,0.06000919371700175,-0.10004406644769609,0.26760505141005686,0,-0.11504851576610264,0.2526006020916502,0,-7.180315829445135
2018-03-23,27.670422909654405,24.87,2.8004229096544044,7.842368472917241,0.005900629205215946,0.1701954508732961,0.06349363095690341,1,0.14147726107986852,0.034775441163475855,1,2.8004229096544044
2018-03-26,23.48815906910791,21.03,2.458159069107907,6.042546009037452,0.006341775558032614,-0.05716583304970712,-0.16771226810070491,1,0.0033331432627868606,-0.10721329178821094,0,2.458159069107907
2018-03-27,8.66387947825311,22.5,13.83612052174689,191.43823109230544,0.33941402038862734,-0.8867873907482787,0.067565319495766,0,-0.8529350286739255,0.10141768157011918,0,-13.83612052174689
2018-03-28,9.97747237504106,22.87,12.892527624958941,166.21726856032942,0.2657652339103571,-0.8131855199989819,0.01631069882431536,0,-0.814074014060097,0.015422204763200161,0,-12.892527624958941
2018-03-29,7.252525640067732,19.97,12.717474359932268,161.73415409553465,0.3760524136397967,-1.148476235685534,-0.13559486060696607,1,-1.148476235685534,-0.13559486060696607,1,-12.717474359932268
2018-04-02,1.681435416421965,23.62,21.938564583578035,481.3006159878245,1.713632903117757,-2.4745833042799914,0.16786266334149255,0,-2.5282023846683654,0.1142435829531186,0,-21.938564583578035
2018-04-03,16.574258791486546,21.1,4.525741208513455,20.482333486436833,0.026932119203460836,-0.35424299415954047,-0.11282077028719545,1,-0.32894689722291803,-0.08752467335057296,1,-4.525741208513455
2018-04-04,7.529499792262812,20.06,12.530500207737187,157.0134354561017,0.35524811436361103,-1.030444429527056,-0.050545257948231524,1,-1.0575615656164807,-0.07766239403765604,1,-12.530500207737187
2018-04-05,7.03673395273782,18.94,11.903266047262182,141.68774259190465,0.3616596162227226,-1.0475836471792652,-0.05745169477585721,1,-1.0325155569651976,-0.042383604561789544,1,-11.903266047262182
2018-04-06,7.769906499778382,21.49,13.720093500221616,188.2409656548234,0.37888874688195306,-0.8910179569413349,0.12631162289648679,0,-0.9618394968236579,0.05549008301416391,0,-13.720093500221616
2018-04-09,15.280806751517455,21.77,6.489193248482545,42.109629016151445,0.05585567865271668,-0.3409901304356244,0.012945164592036986,0,-0.3307000489933511,0.023235246034310212,0,-6.489193248482545
2018-04-10,19.728873153791895,20.47,0.741126846208104,0.5492690021703707,0.0006716818496723675,-0.09844967018346307,-0.06157247557325795,1,-0.03882936702129632,-0.0019521724110912063,1,-0.741126846208104
2018-04-11,16.8873310241857,20.24,3.3526689758143,11.240389261387707,0.015451446766684196,-0.1923967024066997,-0.011299555253933394,1,-0.21557494910164834,-0.03447780194888196,1,-3.3526689758143
2018-04-12,17.14226673996626,18.49,1.3477332600337384,1.8163849402011683,0.0027930460287257652,-0.1661136914542431,-0.09043079902023132,1,-0.14564878956668287,-0.06996589713267112,1,-1.3477332600337384
2018-04-13,12.267712982392629,17.41,5.142287017607371,26.44311577145331,0.054709916207129394,-0.41025919505222086,-0.06018529161893569,1,-0.39828952004310275,-0.04821561660981769,1,-5.142287017607371
2018-04-16,13.671343980692631,16.56,2.8886560193073674,8.344333597880686,0.0172524370246383,-0.2417427918057968,-0.050054604822984114,1,-0.25202859677516604,-0.06034040979235325,1,-2.8886560193073674
2018-04-17,16.588483221826284,15.25,1.3384832218262837,1.7915373351104684,0.003640221881759498,0.0017185238097135274,-0.0824106459036929,0,0.026169619673877886,-0.057959550039528684,0,1.3384832218262837
2018-04-18,17.747251702626524,15.6,2.1472517026265248,4.610689874432509,0.008684583888834752,0.15165116722519273,0.02269141120207067,1,0.14837784188022357,0.019418085857101516,1,2.1472517026265248
2018-04-19,24.33569934808648,15.96,8.375699348086478,70.15233956953625,0.10293440302123891,0.4446734669809274,0.022814677766171482,1,0.4478837426111755,0.026024953396419484,1,8.375699348086478
2018-04-20,27.667184177227977,16.88,10.787184177227978,116.36334247343765,0.14493366034666266,0.5501614321328967,0.056043897146148186,1,0.53770797106161,0.04359043607486177,1,10.787184177227978
2018-04-23,31.090066991066507,16.34,14.750066991066507,217.56447624094977,0.25942458889532993,0.6107588896469599,-0.0325133997359542,0,0.5867600791195718,-0.056512210263342216,0,14.750066991066507
2018-04-24,29.151842552115568,18.02,11.131842552115568,123.91791860509085,0.13671344126470553,0.5789020307020296,0.09786616274833501,1,0.5899790670409372,0.10894319908724252,1,11.131842552115568
2018-04-25,30.266853585411997,17.84,12.426853585411997,154.42669003326702,0.16796246489537303,0.5185709204693476,-0.010039125028328542,0,0.5119337279625489,-0.016676317535127216,0,12.426853585411997
2018-04-26,25.416206919596537,16.24,9.176206919596538,84.20277343125139,0.11712766838337307,0.35394391109463413,-0.09396579241833147,0,0.3411339336423603,-0.10677576987060534,0,9.176206919596538
2018-04-27,18.44486713927824,15.41,3.0348671392782407,9.210418553070893,0.01717193210989998,0.1273087932139815,-0.05246068540150737,0,0.12854107926024644,-0.05122839935524239,0,3.0348671392782407
2018-04-30,15.625641293247543,15.93,0.30435870675245624,0.09263422237602766,0.00018487841704084573,0.013896588216052315,0.033187474589932674,1,0.015195289697288762,0.03448617607116919,1,-0.30435870675245624
2018-05-01,16.105322785407996,15.49,0.6153227854079955,0.378622130242254,0.0007687018124815648,0.010945701219063748,-0.028009469493179846,0,0.020406509723292884,-0.018548660988950836,0,0.6153227854079955
2018-05-02,16.616017495131455,15.97,0.6460174951314546,0.41733860401591893,0.000796763579715476,0.07017248505320946,0.03051730779814392,1,0.0708182713204056,0.03116309406533992,1,0.6460174951314546
2018-05-03,18.464244055872783,15.9,2.5642440558727824,6.575347578078897,0.0117562121183159,0.14512414594213027,-0.004392853000735216,0,0.15709279275132307,0.007575793808457723,1,2.5642440558727824
2018-05-04,17.371155585492954,14.77,2.601155585492954,6.766010379941192,0.013897727841110541,0.08849199647619209,-0.0737210126828975,0,0.08597943234030896,-0.07623357681878055,0,2.601155585492954
2018-05-07,12.926852136344378,14.75,1.8231478636556222,3.323868132752059,0.008333128913970977,-0.1332913876650321,-0.0013550137574595356,1,-0.169852455434189,-0.0379160815266164,1,-1.8231478636556222
2018-05-08,13.30094464837684,14.71,1.4090553516231612,1.9854369839378705,0.004903532707798197,-0.10340802388661409,-0.0027155481724826388,1,-0.08838041868297673,0.01231205703115475,0,-1.4090553516231612
2018-05-09,12.400989279132771,13.42,1.0190107208672288,1.0383828492423492,0.0030376370636733263,-0.17075128460943234,-0.09178140306981042,1,-0.1591272221014594,-0.08015734056183753,1,-1.0190107208672288
2018-05-10,8.937505269941708,13.23,4.2924947300582925,18.425511007578212,0.06777887577235964,-0.406489633879756,-0.014259153416671423,1,-0.40200867044471994,-0.009778189981635247,1,-4.2924947300582925
2018-05-11,9.645234086910953,12.65,3.004765913089047,9.028618192461854,0.033662396603620026,-0.31602306177743306,-0.044829762953335024,1,-0.31526691807410906,-0.044073619250010965,1,-3.004765913089047
2018-05-14,8.24777778075005,12.93,4.682222219249949,21.92320491043792,0.08748556734245816,-0.42771341101992044,0.021892977610236744,0,-0.4511519839919379,-0.0015455953617805973,1,-4.682222219249949
2018-05-15,9.985667111128459,14.63,4.644332888871542,21.569827982653884,0.06447074673047415,-0.2583994168179244,0.12352402224826683,0,-0.2737489123488632,0.1081745267173282,0,-4.644332888871542
2018-05-16,15.20688192403082,13.42,1.786881924030821,3.1929470104280884,0.008148712975373673,0.038673868516071006,-0.08632808348849726,0,0.05590973125520329,-0.06909222074936491,0,1.786881924030821
2018-05-17,10.289845095866138,13.43,3.140154904133862,9.860572821955943,0.03251706609619154,-0.2655886356625751,0.0007448789916104024,0,-0.27449077160316837,-0.008157256948982741,1,-3.140154904133862
2018-05-18,9.642399902985124,13.42,3.7776000970148758,14.270262492966799,0.049085781117968796,-0.3313209803044284,-0.0007448789916104893,1,-0.3125304988436433,0.018045602469174554,0,-3.7776000970148758
2018-05-21,8.157860777888171,13.08,4.922139222111829,24.22745452185164,0.09579203291344873,-0.49776415650987593,-0.02566178551448305,1,-0.4992533600613437,-0.027150989065950745,1,-4.922139222111829
2018-05-22,6.1194581155422965,13.22,7.100541884457704,50.417695052938164,0.23315124233427564,-0.7596107966370427,0.010646488394487704,0,-0.7557808417447436,0.014476443286786525,0,-7.100541884457704
2018-05-23,7.369044241421772,12.58,5.210955758578228,27.154059917859595,0.12059481777323278,-0.5844428189354663,-0.04962258315124579,1,-0.6054016699563101,-0.07058143417208933,1,-5.210955758578228
2018-05-24,5.2310004586855845,12.53,7.298999541314415,53.27539430410804,0.2910013061140575,-0.8775056991978016,-0.003982482364317597,1,-0.8893588604948224,-0.01583564366133829,1,-7.298999541314415
2018-05-25,4.73797226496743,13.22,8.48202773503257,71.94479449786175,0.3845158536242739,-0.9725165169311439,0.053605065515563335,0,-0.9653078353342005,0.060813747112506984,0,-8.48202773503257
2018-05-29,6.257869614222337,17.02,10.762130385777663,115.82345044047887,0.3682267288128809,-0.7478910244494575,0.2526582887216878,0,-0.8326937109251938,0.1678556022459515,0,-10.762130385777663
2018-05-30,14.924970168990717,14.94,0.015029831009282901,0.00022589582016760188,5.063705004193508e-07,-0.13135346259614994,-0.13034694344055683,1,-0.10636703481341946,-0.1053605156578264,1,-0.015029831009282901
2018-05-31,5.703175764028132,15.43,9.726824235971868,94.61110971748973,0.36490655239481473,-0.9630190084316018,0.03227148667039819,0,-0.9623494402780296,0.03294105482397053,0,-9.726824235971868
2018-06-01,3.874851776237936,13.46,9.585148223762065,91.87506647148908,0.5330939458462574,-1.3818062555947943,-0.1365913421584876,1,-1.3481951839953397,-0.102980270559033,1,-9.585148223762065
2018-06-08,1.6317903262065154,12.18,10.548209673793485,111.26472732231046,1.1440904237688891,-2.0060039512570125,0.004113539325792162,0,-2.039245763505828,-0.0291282729230236,1,-10.548209673793485
2018-06-11,2.6797690707777306,12.35,9.670230929222269,93.51336622448699,0.7449107897446583,-1.5140646390918782,0.013860800792235166,0,-1.5415967424820796,-0.013671302597966303,1,-9.670230929222269
2018-06-12,3.463426068880601,12.34,8.876573931119399,78.7935647546285,0.551254344231249,-1.2713977706042818,-0.0008100445967444326,1,-1.266527631108239,0.00406009489929836,0,-8.876573931119399
2018-06-13,3.2839100887139097,12.94,9.65608991128609,93.240072374841,0.6250682360068969,-1.323811205850804,0.04747727059551264,0,-1.3066469103295208,0.06464156611679567,0,-9.65608991128609
2018-06-14,3.873087527608421,12.12,8.246912472391578,68.01156532728777,0.46036665812519173,-1.2062712893613636,-0.0654663084315861,1,-1.209357711564553,-0.06855273063477567,1,-8.246912472391578
2018-06-15,0.8734813819250975,11.98,11.106518618074903,123.35475581364445,1.691418691212582,-2.630125444615103,-0.011618387953864964,1,-2.6358844074671146,-0.017377350805876803,1,-11.106518618074903
2018-06-19,0.8552078147524939,13.35,12.494792185247507,156.11983175252217,1.811987676703792,-2.666822721585544,0.08110444464989636,0,-2.83811700715179,-0.09018984091634952,1,-12.494792185247507
2018-06-20,3.2302681848367216,12.79,9.559731815163278,91.38847237784499,0.6286604684570996,-1.418951221697226,-0.042852769255507274,1,-1.3846621482185937,-0.008563695776875213,1,-9.559731815163278
2018-06-21,1.3710634725633188,14.64,13.268936527436681,176.06467656914342,1.4618226890207602,-2.2330769195371354,0.13509389294241428,0,-2.2133368391511588,0.15483397332839094,0,-13.268936527436681
2018-06-22,5.161398633692008,13.77,8.60860136630799,74.1080174839998,0.3561139568537799,-1.042549912726846,-0.06126519579260206,1,-1.0398139329079714,-0.05852921597372723,1,-8.60860136630799
2018-06-25,0.24865001797540978,17.33,17.081349982024587,291.7725172084114,3.258495977823274,-4.014201234269939,0.22994679098695117,0,-4.10441493416778,0.13973309108911053,0,-17.081349982024587
2018-06-26,7.7643485114898905,15.92,8.15565148851011,66.51465120203716,0.20574396161695918,-0.8028965512919372,-0.08486292331127764,1,-0.766464790171725,-0.048431162191065386,1,-8.15565148851011
2018-06-27,0.8360368545060506,17.91,17.07396314549395,291.5202174936856,2.111121689978233,-2.946658762947977,0.11778303565638346,0,-2.983654350624572,0.08078744797978835,0,-17.07396314549395
2018-06-28,2.8232462491849923,16.85,14.02675375081501,196.74982078600294,0.9540149879058153,-1.8474718409969795,-0.06100855927424957,1,-1.826596611868396,-0.040133330145666134,1,-14.02675375081501
2018-07-12,4.784992293963965,12.58,7.795007706036035,60.76214513716117,0.3469888840404669,-1.0467888312616722,-0.0801649944361468,1,-1.0048351131893614,-0.03821127636383613,1,-7.795007706036035
2018-07-13,3.997616657165333,12.18,8.182383342834667,66.95139716909821,0.4423084626585001,-1.1464099034417092,-0.03231298899054357,1,-1.1311913478104658,-0.017094433359300183,1,-8.182383342834667
2018-07-16,3.9449659260893832,12.83,8.885034073910617,78.9438304945527,0.4868256687843693,-1.1273549452609146,0.05199091634579419,0,-1.1500831963384708,0.029262665268237814,0,-8.885034073910617
2018-07-17,5.993421758600985,12.06,6.066578241399015,36.80337155901597,0.19619867541976332,-0.7611236844231458,-0.06189198732850568,1,-0.767339710654152,-0.06810801355951175,1,-6.066578241399015
2018-07-18,3.9810341452246822,12.1,8.118965854775318,65.91760655100751,0.4406749179563585,-1.1083525702704975,0.003311261303656005,0,-1.0924725875930346,0.01919124398111885,0,-8.118965854775318
2018-07-19,5.991805548602226,12.87,6.878194451397773,47.309558911239115,0.2300699844452483,-0.7028126587497587,0.06169356900533996,0,-0.7110431578862741,0.0534630698688244,0,-6.878194451397773
2018-07-20,8.401962060383246,12.86,4.458037939616753,19.874102271062387,0.07899721281459904,-0.42643376441695213,-0.0007773027985619028,1,-0.43648410027045365,-0.010827638652063503,1,-4.458037939616753
2018-07-23,7.467559038638673,12.62,5.152440961361326,26.547647860314026,0.11643885100705353,-0.5435535416544366,-0.01883886169640624,1,-0.589896813267236,-0.06518213330920566,1,-5.152440961361326
2018-07-24,6.8524409743509125,12.41,5.557559025649088,30.886462323573635,0.1460685722873838,-0.6106779216947397,-0.01678025789655123,1,-0.6098852145585008,-0.015987550760312292,1,-5.557559025649088
2018-07-25,5.1743813205152644,12.29,7.115618679484735,50.63202919183208,0.28608984703079776,-0.8747828188031974,-0.009716675638572427,1,-0.871554405991078,-0.006488262826453037,1,-7.115618679484735
2018-07-26,4.182002928131238,12.14,7.957997071868762,63.329717395871796,0.41019678001300686,-1.077995622396893,-0.012280137946591087,1,-1.0909303217296662,-0.025214837279364258,1,-7.957997071868762
2018-07-27,3.2346190660037752,13.03,9.795380933996224,95.94948764209674,0.6415872045643427,-1.3225946185521282,0.07074860550540152,0,-1.3250627399202117,0.06828048413731799,0,-9.795380933996224
2018-07-30,5.360547155475983,14.26,8.899452844524017,79.20026093190661,0.35430731165719553,-0.8881883400184597,0.0902040238493962,0,-0.9332071945901473,0.04518516927770849,0,-8.899452844524017
2018-07-31,6.798761243110721,12.83,6.031238756889279,36.37584094260334,0.16495699581433443,-0.7407179895298589,-0.1056722363586048,1,-0.7208873113493733,-0.08584155817811921,1,-6.031238756889279
2018-08-01,0.4141072447433383,13.15,12.735892755256662,162.20296427339915,2.489543097280896,-3.4334164720570373,0.02463557999622855,0,-3.453478873351301,0.004573178701965141,0,-12.735892755256662
2018-08-10,0.19765923585733564,13.16,12.962340764142665,168.02227808575464,3.213412386656974,-4.043355090038133,0.1550375978454862,0,-4.091003773964401,0.10738891391921908,0,-12.962340764142665
2018-08-13,4.781994187888799,14.78,9.9980058121112,99.96012021900934,0.45196220018643474,-1.0123242722760808,0.11609298962288443,0,-1.1092909958054382,0.01912626609352699,0,-9.9980058121112
2018-08-14,6.8622580814439615,13.31,6.447741918556039,41.57337584830471,0.17805068486088071,-0.7672383615543849,-0.10475928311303534,1,-0.7080082338260435,-0.04552915538469401,1,-6.447741918556039
2018-08-31,1.4169944951736302,12.86,11.443005504826369,130.9423749834866,1.3157698400905486,-2.2563713663274085,-0.05078772337322338,1,-2.2571101916288407,-0.051526548674655566,1,-11.443005504826369
2018-09-07,0.19264059063253874,14.88,14.687359409367462,215.7185264199349,3.3598933565323446,-4.331369386338289,0.015577693941869593,0,-4.336136164175943,0.010810916104215676,0,-14.687359409367462
2018-09-10,0.416900575911217,14.16,13.743099424088783,188.87278178038943,2.5547707320157604,-3.5749255420879567,-0.04959694113937218,1,-3.588939785462768,-0.06361118451418384,1,-13.743099424088783
2018-09-18,2.16793160955454,12.79,10.62206839044546,112.8283368913006,0.9443921584161774,-1.842161374522994,-0.06727129660365316,1,-1.8274335678127507,-0.05254348989340979,1,-10.62206839044546
2018-09-25,1.1501844336601825,12.42,11.269815566339817,127.00874289931525,1.4719932122170807,-2.361513645127273,0.01787212476612183,0,-2.3680496161070583,0.011336153786336307,0,-11.269815566339817
2018-09-26,2.3429226209588827,12.89,10.547077379041118,111.24084123948087,0.886815493601107,-1.6679089431507756,0.03714374044576326,0,-1.6508561547680562,0.05419652882848272,0,-10.547077379041118
2018-09-27,2.83140869604689,12.41,9.578591303953111,91.74941136816616,0.7058836536236204,-1.5156774566888298,-0.03794921773458017,1,-1.5063243097821815,-0.028596070827932057,1,-9.578591303953111
2018-09-28,0.5391905174298192,12.12,11.58080948257018,134.1151482715874,2.1570309530034852,-3.1361889051242273,-0.023645618575347544,1,-3.1505891539639674,-0.03804586741508751,1,-11.58080948257018
2018-10-05,5.762990642752775,14.82,9.057009357247225,82.02941849726379,0.3333868364590862,-0.9031928755983066,0.04132819549284594,0,-0.9081034431649878,0.036417627926164785,0,-9.057009357247225
2018-10-08,4.905700377027672,15.69,10.784299622972327,116.30111835804107,0.4752898368380143,-1.105579748659059,0.05704594687700034,0,-1.1853109783671432,-0.022685282831083696,1,-10.784299622972327
2018-10-09,3.9359769823736794,15.95,12.01402301762632,144.336749068055,0.646069414795353,-1.3828644355462005,0.016435262485912427,0,-1.4099016058797416,-0.010601907847628784,1,-12.01402301762632
2018-10-10,0.5718425299542229,22.96,22.388157470045776,501.22959490356646,2.717551227772377,-3.328350452017273,0.3642947422205121,0,-3.333353589407881,0.3592916048299041,0,-22.388157470045776
2018-10-11,13.412735249034695,24.98,11.567264750965306,133.80161381892447,0.15880981848811926,-0.5375489241117613,0.08432193324606585,0,-0.5423284248460577,0.07954243251176941,0,-11.567264750965306
2018-10-12,10.789823879785041,21.31,10.520176120214957,110.67410560034104,0.18689977880518183,-0.8394720481013771,-0.15889905858690592,1,-0.6954777833689129,-0.01490479385444166,1,-10.520176120214957
2018-10-22,1.5769329550587972,19.64,18.063067044941203,326.2743910700409,1.6023784120682234,-2.534735300019048,-0.012648789939560956,1,-2.5087598136157867,0.013326696463699736,0,-18.063067044941203
2018-10-23,4.512075578782368,20.71,16.197924421217632,262.37275555547853,0.7417288254520418,-1.4708110382541923,0.053048372481172966,0,-1.5924337172500935,-0.06857430651472815,1,-16.197924421217632
2018-10-24,6.770001124397145,25.23,18.459998875602857,340.77155848725874,0.5838639057750223,-1.1181154223980727,0.19741708724547352,0,-1.1601920616806993,0.15534044796284693,0,-18.459998875602857
2018-10-25,16.102725338004017,24.22,8.117274661995982,65.89014793828198,0.07304261347829821,-0.4490452293356323,-0.04085502452802026,1,-0.4310483428836623,-0.022858138076050322,1,-8.117274661995982
2018-10-26,10.966838699813058,24.16,13.193161300186942,174.05950509275038,0.24374776004644838,-0.7923026822317232,-0.002480365058331954,1,-0.8042051416467982,-0.014382824473407087,1,-13.193161300186942
2018-10-29,8.265779657898095,24.7,16.434220342101902,270.08359825275596,0.42932613404838693,-1.0725743137685961,0.022104870567317345,0,-1.0857323983461071,0.008946785989806147,0,-16.434220342101902
2018-10-30,7.29951030447645,23.35,16.050489695523552,257.61821946610775,0.4754025807946145,-1.2189959793082243,-0.056206259519025095,1,-1.18774343580412,-0.024953716014920743,1,-16.050489695523552
2018-10-31,2.360307523692173,21.23,18.869692476307826,356.06529415042814,1.3078012918050255,-2.2918050669173358,-0.0951817083997416,1,-2.26445367665538,-0.0678303181377858,1,-18.869692476307826
2018-11-01,2.1758702525295197,19.34,17.16412974747048,294.60734998800103,1.2972530072184272,-2.2779865750940944,-0.0932397856900165,1,-2.2651871588317714,-0.08044036942769321,1,-17.16412974747048
2018-11-02,3.0040552950729293,19.51,16.50594470492707,272.44621060211,1.024939169831975,-1.862212349144557,0.008751664609871588,0,-1.8188880883374423,0.05207592541698658,0,-16.50594470492707
2018-11-05,10.95769431979169,19.96,9.00230568020831,81.04150755991081,0.14867106512887007,-0.5768852675282831,0.02280311624829812,0,-0.6302778432991666,-0.030589459522585537,1,-9.00230568020831
2018-11-06,19.476834254417156,19.91,0.43316574558284415,0.18763256314634127,0.00024015554049405807,-0.02450449848245563,-0.0025081528072130235,1,-0.018474329455864403,0.00352201621937831,0,-0.43316574558284415
2018-11-07,24.495960153608664,16.36,8.135960153608664,66.19384762110792,0.09363919675843158,0.20728609418900487,-0.19638278690150401,0,0.30647117504988386,-0.09719770604062505,0,8.135960153608664
2018-11-08,17.954636273062583,16.72,1.2346362730625842,1.5243267267618679,0.002599120240221131,0.0930090386019357,0.021766276481954505,1,0.10407245814619108,0.0328296960262099,1,1.2346362730625842
2018-11-09,22.377159348457873,17.36,5.017159348457874,25.171887927818236,0.03513481744532454,0.29143515904149186,0.03756310157564852,1,0.2825038701401705,0.02863181267432708,1,5.017159348457874
2018-11-12,25.63637318630565,20.45,5.1863731863056515,26.898466827630237,0.027583092582111002,0.38984346142293824,0.1638141732566067,1,0.3956204849998603,0.1695911968335288,1,5.1863731863056515
2018-11-13,34.43456554312895,20.02,14.414565543128948,207.77969979716033,0.1776791705809866,0.5210779897048369,-0.02125110860173622,0,0.5712138021291924,0.028884703822619227,1,14.414565543128948
2018-11-14,32.599079882991106,21.25,11.349079882991106,128.80161419051342,0.10614717927908224,0.48755228963914465,0.05962512148335139,1,0.4628840432236504,0.03495687506785717,1,11.349079882991106
2018-11-15,31.092758954093238,19.98,11.112758954093238,123.49341157177943,0.11395095404918143,0.3806180656473086,-0.06162512215001838,0,0.42094998419598095,-0.021293203601345935,0,11.112758954093238
2018-11-16,23.554773661953707,18.14,5.414773661953706,29.319773810187552,0.03729004083434839,0.16459672996816108,-0.09661232853341695,0,0.16159822697190465,-0.09961083152967345,0,5.414773661953706
2018-11-19,16.539715267053886,20.1,3.5602847329461156,12.675627379649194,0.017826746748067945,-0.09235497004893951,0.1026003703780396,0,-0.12702799914206586,0.06792734128491323,0,-3.5602847329461156
2018-11-20,23.697407001569182,22.48,1.2174070015691818,1.4820798074696657,0.0014155078146864675,0.1646458178739403,0.11190620996046019,1,0.13233757464128237,0.07959796672780231,1,1.2174070015691818
2018-11-21,29.57634734323271,20.8,8.776347343232711,77.02427268906787,0.06991779716795143,0.2743489406307877,-0.07767303831821802,0,0.3115077240834336,-0.04051425486557222,0,8.776347343232711
2018-11-23,24.725625742204965,21.52,3.2056257422049654,10.276036399087136,0.010102854033812614,0.17288719855830556,0.034029748586311255,1,0.1524249095504131,0.013567459578418886,1,3.2056257422049654
2018-11-26,25.533347299387298,18.9,6.6333472993872995,44.00129639428878,0.05014734359525619,0.17100259975809548,-0.12982081322798708,0,0.20599434938059788,-0.09482906360548476,0,6.6333472993872995
2018-11-27,14.03355839186272,19.02,4.98644160813728,24.864599911362706,0.04187123929718206,-0.2977104327490718,0.00632913505164753,0,-0.32433690786439406,-0.02029734006367466,1,-4.98644160813728
2018-11-28,14.627060053454267,18.49,3.8629399465457315,14.92230503061874,0.025436309169603266,-0.26261781556308345,-0.02826101171821082,1,-0.2547001178262981,-0.020343313981425526,1,-3.8629399465457315
2018-11-29,16.207628881957792,18.79,2.5823711180422073,6.66864059129856,0.010409494739263891,-0.13174799536870893,0.01609476802634045,0,-0.14036409605949998,0.0074786673355495365,0,-2.5823711180422073
2018-11-30,18.108322024643375,18.07,0.03832202464337442,0.0014685775727673962,2.2456243642388074e-06,-0.03695320045316181,-0.039071708821236804,1,-0.05749645648308006,-0.05961496485115502,1,0.03832202464337442
2018-12-03,18.407525717564553,16.44,1.967525717564552,3.8711574492779053,0.0066369821445495525,0.018506482779867463,-0.09453571497610323,0,0.13767398494563632,0.02463178718966564,1,1.967525717564552
2018-12-04,14.436614997653331,20.74,6.303385002346667,39.732662487808895,0.05837245536106295,-0.1299497020887123,0.2323468131733473,0,-0.153989321274859,0.2083071939872006,0,-6.303385002346667
2018-12-06,27.212396785429966,21.19,6.022396785429965,36.269263041157174,0.03406611973324991,0.2716084308418468,0.021465169478826665,1,0.14539643090395682,-0.10474683045906338,0,6.022396785429965
2018-12-07,26.22385536837144,23.23,2.993855368371438,8.963169966726479,0.007653876383410418,0.21314013446701793,0.09191517450210994,1,0.15671608910321186,0.03549112913830387,1,2.993855368371438
2018-12-10,28.633551562598214,22.64,5.993551562598213,35.92266033352349,0.029871934401874523,0.2091346150217356,-0.02572629344733556,0,0.17861083794712923,-0.05625007052194195,0,5.993551562598213
2018-12-11,22.1007398393526,21.76,0.34073983935259733,0.11610363812203384,0.00012133710083883642,-0.02410716847783105,-0.03964483134724025,1,-0.03814248659421449,-0.05368014946362381,1,0.34073983935259733
2018-12-12,14.190672939389021,21.46,7.26932706061098,52.84311591413107,0.07486737722001413,-0.4274885084456035,-0.013882684785189472,1,-0.4343582400652367,-0.020752416404822723,1,-7.26932706061098
2018-12-13,13.808603020826737,20.65,6.841396979173261,46.80471262664102,0.0711209970239628,-0.440898931970721,-0.03847541779551081,1,-0.4192306324915915,-0.01680711831638129,1,-6.841396979173261
2018-12-14,12.412832632967872,21.63,9.217167367032127,84.95617427188196,0.12922154693799515,-0.508984492169812,0.04636592055792556,0,-0.5525726331638353,0.0027777795639023694,0,-9.217167367032127
2018-12-17,17.881372272878433,24.52,6.638627727121566,44.07137809930725,0.044986213205642,-0.19032172412223836,0.12540787110304327,0,-0.22351413244416934,0.09221546278111221,0,-6.638627727121566
2018-12-18,26.61755362223042,25.58,1.0375536222304227,1.0765175190034706,0.0008010141467862386,0.08208179768454783,0.042321685082685835,1,0.07557770971537148,0.03581759711350943,1,1.0375536222304227
2018-12-19,27.045944575397634,25.58,1.4659445753976357,2.1489934981377545,0.0015819574060729202,0.05572627462667301,0.0,0,0.0726791742316213,0.01695289960494848,1,1.4659445753976357
2018-12-20,23.392972872664593,28.38,4.987027127335406,24.87043956877923,0.017525703518839864,-0.089375123474476,0.10387387558119997,0,-0.1091164264724165,0.0841325725832596,0,-4.987027127335406
2018-12-21,26.49794762793293,30.11,3.612052372067069,13.046922338555339,0.007828175014471528,-0.06861738974150233,0.05917267076174585,0,-0.06367213063464712,0.06411792986860113,0,-3.612052372067069
2018-12-24,25.075084175160193,36.07,10.994915824839808,120.88817399531283,0.0587651843748036,-0.18298265171567676,0.1806041524218052,0,-0.15537147006167645,0.20821533407580553,0,-10.994915824839808
2018-12-26,35.59973758287225,30.41,5.189737582872251,26.933376179076713,0.01309214939351011,-0.013123228352264137,-0.1706899932261744,1,0.002805570081813326,-0.15476119479209682,0,5.189737582872251
2018-12-27,12.836293020780069,29.96,17.123706979219932,293.2213407101854,0.2760343052402292,-0.8624949506576511,-0.014908343040254556,1,-0.8881415437838146,-0.040554936166417914,1,-17.123706979219932
2018-12-28,8.400871524078056,28.34,19.939128475921944,397.5688443793213,0.5123703802258257,-1.271527705315272,-0.055588924386484335,1,-1.271861427994825,-0.05592264706603746,1,-19.939128475921944
2018-12-31,5.242909674348914,25.42,20.177090325651086,407.11497400948264,0.7849110042334955,-1.6873976086769364,-0.10873796850122627,1,-1.6605767626435968,-0.0819171224678867,1,-20.177090325651086
2019-01-02,2.2908740799628475,23.22,20.92912592003715,438.0283117767709,1.4147400583243157,-2.4066028267149804,-0.09052228949156267,1,-2.486706054254181,-0.17062551703076334,1,-20.92912592003715
2019-01-03,10.930974995852813,25.45,14.519025004147187,210.8020870710512,0.27462309952352193,-0.7534134744135209,0.0917017667267863,0,-0.854111976965536,-0.00899673582522869,1,-14.519025004147187
2019-01-04,25.620023545596986,21.38,4.240023545596987,17.977799667216846,0.017398974736554162,0.006658472503522863,-0.1742598373996326,0,0.05043177265835816,-0.13048653724479714,0,4.240023545596987
2019-01-07,22.344326780716724,21.4,0.9443267807167253,0.8917530687788141,0.0009458881642121497,0.044116547926354395,0.0009350164309066464,1,0.012806439697897187,-0.030375091797550668,0,0.9443267807167253
2019-01-08,31.639715474373503,20.47,11.169715474373504,124.76254377845892,0.11020994966917841,0.3910222282387202,-0.0444305223546076,0,0.4117972908136845,-0.02365545977964337,0,11.169715474373504
2019-01-09,34.02440603464099,19.98,14.04440603464099,197.24534086586024,0.17057690652580382,0.508117691978412,-0.024228626452790673,0,0.5095843263161063,-0.022761992115096254,0,14.04440603464099
2019-01-10,35.773530811782955,19.5,16.273530811782955,264.82780508204917,0.22774625005577587,0.582476483923413,-0.024317307650706357,0,0.5336386541756694,-0.07315513739845002,0,16.273530811782955
2019-01-11,40.32413746184296,18.19,22.134137461842958,489.9200411797598,0.42075174531768966,0.7265357685498944,-0.06954247303967012,0,0.7173473424954883,-0.07873089909407645,0,22.134137461842958
2019-01-14,38.38768473375014,19.07,19.31768473375014,373.17294347256325,0.3133679089173911,0.746864705566591,0.04724442708229684,1,0.6600365962398954,-0.039583682244399045,0,19.31768473375014
2019-01-15,43.408280936404545,18.6,24.808280936404543,615.4508030195731,0.48628989779545884,0.8225338082793552,-0.024954838893172026,0,0.8512591875944143,0.0037705404218872705,1,24.808280936404543
2019-01-16,43.28003966144642,19.04,24.240039661446424,587.5795227884956,0.4519618051900376,0.8445299702106659,0.0233804486440635,1,0.8728851959657913,0.05173567439918889,1,24.240039661446424
2019-01-17,45.50680872195404,18.06,27.44680872195404,753.3273090195323,0.5955944415930059,0.8713199276391503,-0.052842481374379933,0,0.8469348023673496,-0.07722760664618061,0,27.44680872195404
2019-01-18,42.88470598502224,17.8,25.084705985022236,629.2424743550104,0.5299363439982754,0.8648157105368932,-0.014501090690799844,0,0.879316801227693,0.0,0,25.084705985022236
2019-01-22,40.79155453631722,20.8,19.99155453631722,399.6622527785456,0.28761035301344884,0.8292766060264195,0.1557545294092328,1,0.7890840230271907,0.1155619464100039,1,19.99155453631722
2019-01-23,47.89816980818906,19.52,28.37816980818906,805.3205216624132,0.5561619686919204,0.8341243083823245,-0.06351340572232586,0,0.8317233468447863,-0.0659143672598641,0,28.37816980818906
2019-01-24,40.997411479847266,18.89,22.107411479847265,488.7376423392826,0.39544728134197693,0.7420693490884146,-0.032806899471528234,0,0.7333980374223268,-0.04147821113761602,0,22.107411479847265
2019-01-25,36.68014896716415,17.42,19.26014896716415,370.9533382373542,0.36101753184829866,0.6636030271306163,-0.0810137100890614,0,0.6882559369623026,-0.05636080025737503,0,19.26014896716415
2019-01-28,29.23584972495452,18.87,10.365849724954519,107.45084052033967,0.11150728200970139,0.517776715111982,0.0799543879561021,1,0.4543869591782843,0.016564632022404355,1,10.365849724954519
2019-01-29,28.742222002064235,19.13,9.612222002064236,92.39481181696779,0.09535907080670025,0.4207938322019724,0.01368442407170247,1,0.3905201215179761,-0.016589286612293776,0,9.612222002064236
2019-01-30,29.03827792928293,17.66,11.37827792928293,129.46520863600705,0.14698390542049466,0.41735710479029997,-0.07995558827634748,0,0.4163121726158066,-0.08100052045084095,0,11.37827792928293
2019-01-31,23.13164840106387,16.57,6.56164840106387,43.05522973918404,0.06238776993739581,0.2698995453273059,-0.06370836373734234,0,0.28530641213692826,-0.04830149692772016,0,6.56164840106387
2019-02-01,19.19365625133111,16.14,3.053656251331109,9.324816501293562,0.015918874900002322,0.14698598942347188,-0.02629316859666884,0,0.1433715276571073,-0.029907630363033507,0,3.053656251331109
2019-02-04,16.946716119778113,15.73,1.2167161197781127,1.4803981161279067,0.0028456806607526364,0.048773412968655394,-0.02573094577161635,0,0.013468468153902739,-0.06103589058636901,0,1.2167161197781127
2019-02-05,17.43354086852576,15.57,1.8635408685257602,3.4727845686657446,0.006637916063329419,0.10282626976606876,-0.010223731224279503,0,0.09901915856870448,-0.014030842421643638,0,1.8635408685257602
2019-02-06,18.59953379009045,15.38,3.21953379009045,10.36539782553418,0.019263944826087176,0.17779052951021448,-0.012278021768409008,0,0.18617497075949146,-0.0038935805191320986,0,3.21953379009045
2019-02-07,19.096390901060225,16.37,2.726390901060224,7.43320734538398,0.01249904086195297,0.2164313950605887,0.062382427305545586,1,0.1983896685754296,0.044340700820386575,1,2.726390901060224
2019-02-08,21.42386805840146,15.72,5.70386805840146,32.534110827652434,0.05326963620171643,0.26905523895837824,-0.04051660438198309,0,0.24253168292089758,-0.06704016041946363,0,5.70386805840146
2019-02-11,18.564813775599514,15.97,2.5948137755995138,6.733058530041004,0.011924417523002218,0.1663342696377058,0.01577817522586049,1,0.13811038304975062,-0.012445711362094517,0,2.5948137755995138
2019-02-12,18.191030063483833,15.43,2.761030063483833,7.62328701146154,0.014324131268490081,0.1302166567088113,-0.03439829585185171,0,0.17766145202866207,0.013046499467998936,1,2.761030063483833
2019-02-13,15.498177662108342,15.65,0.15182233789165878,0.023050022282889007,4.7362306933917964e-05,0.004408780451656649,0.014157250611092754,1,0.0024664036674501445,0.012214873826886262,1,-0.15182233789165878
2019-02-14,15.362866026599685,16.22,0.8571339734003143,0.7346786483570107,0.0014474834022004668,-0.01851761639901911,0.03577413170110465,0,-0.015958433940197487,0.03833331415992621,0,-0.8571339734003143
2019-02-15,16.883477573775505,14.91,1.9734775737755044,3.8946137341948512,0.008055970974080617,0.040090436665635235,-0.08421291991061974,0,0.0037668308080999625,-0.12053652576815495,0,1.9734775737755044
2019-02-19,12.397758984379065,14.88,2.482241015620936,6.161520459630855,0.015685027638092874,-0.18451639956496446,-0.002014099371701145,1,-0.23295518777447966,-0.05045288758121636,1,-2.482241015620936
2019-02-20,12.552273367360241,14.02,1.4677266326397582,2.154221468160044,0.005895025381316588,-0.17011623542231194,-0.059533147798501836,1,-0.17280080079298085,-0.0622177131691708,1,-1.4677266326397582
2019-02-21,10.222768885210597,14.46,4.237231114789404,17.95412752013946,0.05373754312000001,-0.31586740542247843,0.030901335124174777,0,-0.31443985343129294,0.03232888711536007,0,-4.237231114789404
2019-02-22,12.267937430309294,13.51,1.242062569690706,1.5427194270266797,0.00450447231287554,-0.1643970707272496,-0.06795606475851125,1,-0.1643970707272496,-0.06795606475851125,1,-1.242062569690706
2019-02-25,10.378155987740225,14.85,4.4718440122597745,19.9973888699836,0.057162376879558385,-0.26372694052280726,0.09456971327660123,0,-0.29290479448605133,0.06539185931335714,0,-4.4718440122597745
2019-02-26,13.977903632188355,15.17,1.1920963678116454,1.4210937501497178,0.003259532939996257,-0.060522094466474,0.021319928111732247,0,-0.08118260943199108,0.0006594131462153741,0,-1.1920963678116454
2019-02-27,13.847024263991125,14.7,0.8529757360088741,0.7275676062198805,0.001751578548661925,-0.09124943839712472,-0.03147229957575032,1,-0.1147032821972795,-0.05492614337590512,1,-0.8529757360088741
2019-02-28,10.770842493167375,14.78,4.009157506832624,16.07334391459238,0.04517661916073612,-0.3110047797550478,0.005427421735365015,0,-0.3424770793307981,-0.026044877840385148,1,-4.009157506832624
2019-03-01,9.682719647072465,13.57,3.887280352927535,15.11094854225642,0.0510573190178063,-0.4229320984160316,-0.08541344167327787,1,-0.4086218031030893,-0.07110314636033574,1,-3.887280352927535
2019-03-04,4.088371820921706,14.63,10.541628179078295,111.12592466593756,0.5543786643139714,-1.1997146708442525,0.0752127411852551,0,-1.214345509738038,0.060581902291469626,0,-10.541628179078295
2019-03-05,7.2350844821645115,14.74,7.504915517835489,56.323756929847924,0.2024698296685914,-0.7041321781453693,0.007490671729157659,0,-0.6965849725099863,0.015037877364540502,0,-7.504915517835489
2019-03-06,7.687846595653067,15.74,8.052153404346933,64.83717444713591,0.20499188203546503,-0.650924169031473,0.06564035622806655,0,-0.6623914110469293,0.054173114212610216,0,-8.052153404346933
2019-03-07,9.774486979250462,16.59,6.815513020749538,46.4512177360065,0.11820392684767067,-0.47642962143623474,0.05259486121309593,0,-0.5132282854293512,0.015796197219979508,0,-6.815513020749538
2019-03-08,10.785302639456104,16.05,5.264697360543897,27.717038298117874,0.06950598184624557,-0.4306157636092652,-0.03309125462632822,1,-0.4771357792441579,-0.07961127026122104,1,-5.264697360543897
2019-03-11,6.1751818595424135,14.33,8.154818140457586,66.50105890393611,0.27274376573321035,-0.9551705165576116,-0.11335360773594438,1,-0.9693990275559811,-0.12758211873431385,1,-8.154818140457586
2019-03-12,0.34714483174836624,13.77,13.422855168251633,180.17304086785958,2.7057157437282857,-3.720368445395096,-0.039862929099517073,1,-3.6949253768238863,-0.014419860528307068,1,-13.422855168251633
2019-03-15,3.217549630381027,12.88,9.662450369618973,93.36294714534984,0.6368653890807514,-1.434069599937357,-0.04701396476817609,1,-1.4123540330272073,-0.025298397858026445,1,-9.662450369618973
2019-03-18,4.141798311647794,13.1,8.958201688352204,80.24937748919629,0.46764997193860003,-1.1345456523582518,0.016936509530898255,0,-1.1537696199967489,-0.0022874581075990807,1,-8.958201688352204
2019-03-19,5.713690722284267,13.56,7.846309277715734,61.564569281568,0.28562272906245356,-0.8297470541699746,0.03451205230514368,0,-0.8135866409139648,0.05067246556115345,0,-7.846309277715734
2019-03-20,6.908754205216001,13.91,7.001245794783999,49.017442678980636,0.19649402932455962,-0.6743349496673814,0.02548372342310198,0,-0.6728589346392607,0.02695973845122263,0,-7.001245794783999
2019-03-21,7.26125968161805,13.63,6.368740318381951,40.56085324298383,0.16246091117166372,-0.6500546822849973,-0.02033476022691022,1,-0.6643304422143684,-0.034610520156281285,1,-6.368740318381951
2019-03-22,5.864684360276701,16.48,10.615315639723299,112.68492613095407,0.38906563077299605,-0.8433245825658457,0.18987427877288446,0,-0.853543649597968,0.17965521174076224,0,-10.615315639723299
2019-03-25,11.899240654199298,16.33,4.4307593458007,19.631628380400247,0.0452029663920952,-0.3256729369713107,-0.009143617498952032,1,-0.4004741500540091,-0.08394483058165042,1,-4.4307593458007
2019-03-26,8.192421435606914,14.68,6.487578564393086,42.088675629172656,0.14134336672279457,-0.6897943952322242,-0.10651788379600413,1,-0.6830355369371174,-0.09975902550089734,1,-6.487578564393086
2019-03-27,1.4555203809825596,15.15,13.694479619017441,187.53877203568408,1.4387109976537635,-2.311122536344652,0.031514508769008735,0,-2.300163522554932,0.04247352255872814,0,-13.694479619017441
2019-03-28,1.6869314956958175,14.43,12.743068504304182,162.38579490538922,1.2633026467776065,-2.1950893363910153,-0.04869115916959869,1,-2.2101567685131354,-0.06375859129171854,1,-12.743068504304182
2019-04-02,0.7596900049125189,13.36,12.60030999508748,158.76781197230144,1.92397300961211,-2.8700995241406764,-0.0029895388483660483,1,-2.8863841179051772,-0.019274132612866677,1,-12.60030999508748
2019-04-03,2.0955372130643872,13.74,11.644462786935613,135.59351359632828,1.0330149654129626,-1.8524552213222816,0.02804611868570375,0,-1.829744177062067,0.05075716294591832,0,-11.644462786935613
2019-04-04,4.875592923271076,13.58,8.704407076728923,75.76670255740856,0.3833838610030127,-1.0360695644537736,-0.011713164663653203,1,-1.043321227849094,-0.018964828058973444,1,-8.704407076728923
2019-04-05,5.02163804130158,12.82,7.79836195869842,60.81444923887466,0.32895370332496165,-0.9948419386040502,-0.05759167063802611,1,-0.9859661406900819,-0.04871587272405782,1,-7.79836195869842
2019-04-08,2.7000143610571845,13.18,10.479985638942814,109.83009899244763,0.7903003689630852,-1.5577493595863177,0.027694077581837222,0,-1.6131294554195037,-0.027686018251348823,1,-10.479985638942814
2019-04-09,3.3741812209568285,14.28,10.905818779043171,118.93688324133069,0.6789944635644698,-1.3625478353802756,0.08015942783707708,0,-1.3835696305224963,0.059137632694856376,0,-10.905818779043171
2019-04-10,5.609120544690368,13.3,7.6908794553096325,59.14962679610379,0.28510848045328796,-0.9344660153181933,-0.0710959216837301,1,-0.9210713843173439,-0.057701290682880685,1,-7.6908794553096325
2019-04-11,2.5023126943911156,13.02,10.517687305608884,110.62174625856628,0.8414611698543515,-1.6705486532178333,-0.021277398447284965,1,-1.675798009103977,-0.026526754333428597,1,-10.517687305608884
2019-04-12,1.996508637732234,12.01,10.013491362267766,100.27000926221116,0.9605768509630654,-1.8750866628312608,-0.08074700068853098,1,-1.8704677169749662,-0.07612805483223652,1,-10.013491362267766
2019-04-16,0.8636013303102258,12.18,11.316398669689773,128.06087885135648,1.7173425312898627,-2.657867998023976,-0.011428695823622857,1,-2.6529859704266676,-0.006546668226314333,1,-11.316398669689773
2019-04-17,2.7045004904246577,12.6,9.895499509575341,97.92091054400582,0.7534224763570185,-1.5048780286158883,0.033901551675681416,0,-1.4999397469753057,0.03883983331626396,0,-9.895499509575341
2019-04-18,4.816639611895873,12.09,7.273360388104127,52.901771335242216,0.3187008001505498,-0.9616203049903069,-0.041318149330730976,1,-0.9773686619584461,-0.057066506298870244,1,-7.273360388104127
2019-04-22,3.7797252835118416,12.42,8.640274716488157,74.6543471763845,0.4939824530415793,-1.1627273339558752,0.026929411878631328,0,-1.2513227878634081,-0.061666042028901295,1,-8.640274716488157
2019-04-23,4.090005655145016,12.28,8.189994344854984,67.07600736875662,0.4324879197567082,-1.1107617237755352,-0.011336153786336352,1,-1.1299010639862326,-0.03047549399703374,1,-8.189994344854984
2019-04-24,3.3319564825839816,13.14,9.808043517416019,96.19771763952639,0.6256749019942072,-1.3044122589486735,0.06768909033746807,0,-1.3245661051376543,0.04753524414848751,0,-9.808043517416019
2019-04-25,4.348670928606389,13.25,8.901329071393612,79.23365923723705,0.44232886718772146,-1.1057907482944915,0.008336539375766623,0,-1.117141607963181,-0.0030143202929227013,1,-8.901329071393612
2019-04-26,3.269337128510817,12.73,9.460662871489184,89.50414196797398,0.6161956167025147,-1.3994103010657593,-0.04003613986291601,1,-1.4136480837285315,-0.054273922525688315,1,-9.460662871489184
2019-04-29,0.25686149210117437,13.11,12.853138507898825,165.20316950323163,2.9521863695436332,-3.9031796931778304,0.02941388520629319,0,-3.927239837107022,0.005353741277101604,0,-12.853138507898825
2019-04-30,0.2828427718579772,13.12,12.837157228142022,164.79260570003896,2.8585600338171475,-3.836239409977882,0.0007624857403343954,0,-3.836239409977882,0.0007624857403343954,0,-12.837157228142022
2019-05-02,3.117891258270634,14.42,11.302108741729366,127.73766200987536,0.7476791581270479,-1.5574702862171081,-0.026011048913266433,1,-1.5265930476526688,0.004866189651172906,0,-11.302108741729366
2019-05-03,0.7074503936146386,12.87,12.16254960638536,147.92761292778468,1.9559557391160745,-3.014703898812034,-0.1137171102487678,1,-2.9929715328199538,-0.09198474425668735,1,-12.16254960638536
2019-05-07,1.6304292531797884,19.32,17.689570746820213,312.9209132067574,1.5566882512201623,-2.2481182189382283,0.22417928418774183,0,-2.2774757835677844,0.19482171955818606,0,-17.689570746820213
2019-05-08,9.09233321115411,19.4,10.30766678884589,106.24799462987653,0.22651848156856413,-0.7537092746365346,0.00413223728491037,0,-0.7343723773805979,0.023469134540847095,0,-10.30766678884589
2019-05-09,5.792629215493984,19.1,13.307370784506016,177.08611719632427,0.4963810671158111,-1.2086867816144995,-0.01558473101669809,1,-1.3068046375730227,-0.11370258697522144,1,-13.307370784506016
2019-05-10,0.7527122636559691,16.04,15.28728773634403,233.70116633377458,2.10608504510814,-3.233760579240063,-0.17460273261421583,1,-3.217397057612853,-0.15823921098700552,1,-15.28728773634403
2019-05-21,2.880972857982716,14.95,12.069027142017283,145.66141615474987,0.8392904793998284,-1.7336503816152717,-0.08706711679622699,1,-1.7056721811890512,-0.05908891637000656,1,-12.069027142017283
2019-05-22,2.4795827534513646,14.75,12.270417246548636,150.5631394043982,0.9512600866584435,-1.7966209983905737,-0.013468217050866593,1,-1.8039519209256258,-0.02079913958591867,1,-12.270417246548636
2019-05-23,4.2547034445457586,16.92,12.665296555454244,160.40973683760114,0.6319313047935897,-1.2432180189482822,0.1372532713922485,0,-1.3201790600844105,0.06029223025612026,0,-12.665296555454244
2019-05-24,10.855905036877417,15.85,4.994094963122583,24.940984500686355,0.0633754696356561,-0.44378717920795696,-0.06532685385478766,1,-0.40890691446173644,-0.03044658910856725,1,-4.994094963122583
2019-05-28,8.050069058890568,17.5,9.449930941109432,89.3011947917374,0.2365241570139418,-0.6774888301854449,0.09903138060617876,0,-0.7207054316852273,0.055814779106396324,0,-9.449930941109432
2019-05-29,13.370326983578812,17.9,4.529673016421187,20.517937635694214,0.038708507059628694,-0.26916303360167215,0.022599831917240777,0,-0.32743194172564793,-0.035669076206735005,1,-4.529673016421187
2019-05-30,12.537513416191539,17.3,4.762486583808462,22.681278460955596,0.04669303629254462,-0.3560754894741599,-0.0340942113429759,1,-0.3317599007734159,-0.0097786226422318,1,-4.762486583808462
2019-05-31,8.586638820770755,18.71,10.123361179229246,102.48244156512574,0.2377838984262457,-0.7004991318636089,0.07835163878226507,0,-0.7968597319325855,-0.018008961286711752,1,-10.123361179229246
2019-06-03,12.683521716721865,18.86,6.176478283278135,38.148883983806414,0.06924873365672557,-0.3887544919271334,0.00798513691931305,0,-0.4254847488220539,-0.028745119975607518,1,-6.176478283278135
2019-06-04,10.73012753285856,16.97,6.2398724671414385,38.936008406189785,0.09069143272958291,-0.563987834998803,-0.1055961979591765,1,-0.5576048346037675,-0.0992131975641412,1,-6.2398724671414385
2019-06-05,5.495873921085755,16.09,10.594126078914245,112.23550737593092,0.4157711308756298,-1.1274494647118947,-0.05324911824184309,1,-1.1327389275292927,-0.05853858105924115,1,-10.594126078914245
2019-06-06,5.380031346717465,15.93,10.549968653282534,111.30183858524407,0.4232394490832436,-1.0955037603201632,-0.009993837082334717,1,-1.1053987080916177,-0.019888784853789317,1,-10.549968653282534
2019-06-07,6.519811601913111,16.3,9.780188398086889,95.65208510207339,0.31630806953889534,-0.8933586438129755,0.022960983890759512,0,-0.8756254368771806,0.04069419082655441,0,-9.780188398086889
2019-06-10,9.985042983217118,15.94,5.954957016782881,35.46151307173167,0.09415764157518502,-0.4900768361753235,-0.022333434450647765,1,-0.4900768361753235,-0.022333434450647765,1,-5.954957016782881
2019-06-11,11.304154740661538,15.99,4.685845259338462,21.95714579446474,0.05374470852798674,-0.3436613390553536,0.00313185348379388,0,-0.3373680520795645,0.009425140459583113,0,-4.685845259338462
2019-06-12,11.852915304967116,15.91,4.057084695032884,16.45993622267007,0.039371807023018235,-0.29938967222521234,-0.005015684496167357,1,-0.31613424949901414,-0.021760261769969074,1,-4.057084695032884
2019-06-13,11.72238851170524,15.82,4.09761148829476,16.790419909005198,0.0407597683919767,-0.3054472810377371,-0.005672880010187653,1,-0.321038491780991,-0.021264090753441524,1,-4.09761148829476
2019-06-14,10.381226268907572,15.28,4.898773731092428,23.997984068441227,0.06594540024715267,-0.42127595391978,-0.03473017860113339,1,-0.43258971382005346,-0.046043938501406846,1,-4.898773731092428
2019-06-17,8.990692039619411,15.35,6.359307960380589,40.44079773495992,0.1206384861466141,-0.5303549593944918,0.004570690294831766,0,-0.5542810926422795,-0.01935544295295609,1,-6.359307960380589
2019-06-18,9.662921783001417,15.15,5.487078216998583,30.108027359460348,0.08752108679496273,-0.4628194095327631,-0.013114942077828018,1,-0.43239378219547464,0.01731068525946052,0,-5.487078216998583
2019-06-19,9.909013660212503,14.33,4.420986339787497,19.545120216587648,0.060397773642064445,-0.4245557183133634,-0.05564529011529768,1,-0.41793317755287,-0.0490227493548043,1,-4.420986339787497
2019-06-20,8.50936069269146,14.75,6.240639307308539,38.945578963924405,0.1269820769395822,-0.5211884263198368,0.02888784094574829,0,-0.5007435830774211,0.04933268418816374,0,-6.240639307308539
2019-06-21,10.820877960733785,15.4,4.579122039266215,20.96835865049358,0.055544509930937735,-0.3097656702625217,0.04312442663375462,0,-0.30908747423788346,0.04380262265839284,0,-4.579122039266215
2019-06-24,13.045808525640592,15.26,2.214191474359408,4.90264388512589,0.01167039194630437,-0.16590061301674658,-0.009132483563272587,1,-0.16978914675643905,-0.013021017302965019,1,-2.214191474359408
2019-06-25,12.763548410237828,16.28,3.5164515897621733,12.365431783140917,0.027345777841182972,-0.1786416980224961,0.0647023347180834,0,-0.18972033854125459,0.053623694199324896,0,-3.5164515897621733
2019-06-26,14.694758607457748,16.21,1.5152413925422525,2.2959564776733847,0.004661744628272846,-0.10244648768717696,-0.0043090248268094706,1,-0.09132839910320002,0.0068090637571674465,0,-1.5152413925422525
2019-06-27,12.403529416646716,15.82,3.4164705833532842,11.67227124691833,0.027334950210257114,-0.26764727326139875,-0.024353373408077007,1,-0.23312862807647114,0.01016527177685071,0,-3.4164705833532842
2019-06-28,9.40549575375828,15.08,5.674504246241719,32.1999984406153,0.09578180446337026,-0.5199807892523598,-0.04790559975969786,1,-0.5123665392671142,-0.040291349774452354,1,-5.674504246241719
2019-07-01,6.531762848387983,14.06,7.528237151612018,56.67435461091143,0.2312205207892195,-0.8366924942562132,-0.07003547619729111,1,-0.7516083643097506,0.015048653749171333,0,-7.528237151612018
2019-07-02,3.6149388225720354,12.93,9.315061177427964,86.77036473922564,0.5540528956892083,-1.358258954131578,-0.08378369359875283,1,-1.3653461560146327,-0.09087089548180759,1,-9.315061177427964
2019-07-03,2.256778286061697,12.57,10.313221713938303,106.3625421208485,0.8969116199921447,-1.7456119336851552,-0.028237170181609997,1,-1.7647622699757501,-0.047387506472205056,1,-10.313221713938303
2019-07-05,3.7091678222649396,13.28,9.57083217773506,91.60082857436883,0.5547564051500233,-1.2205054778104476,0.054946121446131695,0,-1.2541418126698283,0.021309786586751027,0,-9.57083217773506
2019-07-08,8.194448468261117,13.96,5.765551531738884,33.2415844651366,0.11973406435853917,-0.48280223512266396,0.04993695328593881,0,-0.516126310854256,0.016612877554346792,0,-5.765551531738884
2019-07-09,11.273828199410653,14.09,2.8161718005893466,7.930823610434643,0.0231111265767332,-0.21371214644532083,0.00926922857636247,0,-0.24959358975448692,-0.02661221473280371,1,-2.8161718005893466
2019-07-10,11.27680858623226,13.03,1.7531914137677393,3.0736801333089248,0.00995573473874889,-0.2227170466244597,-0.07821093477383509,1,-0.24309007300677146,-0.09858396115614695,1,-1.7531914137677393
2019-07-11,6.693093139556534,12.93,6.236906860443466,38.89900718584677,0.17611468683816556,-0.666178271149658,-0.007704198352987564,1,-0.6646421725373182,-0.006168099740647773,1,-6.236906860443466
2019-07-12,5.205649012202666,12.39,7.184350987797335,51.61489911586454,0.28729454544018784,-0.9098058083453994,-0.04266049714271494,1,-0.8965708934782771,-0.02942558227559264,1,-7.184350987797335
2019-07-15,3.5114469715314462,12.68,9.168553028468553,84.06236463583987,0.5609257484786614,-1.2608615005103607,0.023136253368028808,0,-1.2760800561416041,0.007917697736785306,0,-9.168553028468553
2019-07-16,5.270066030053814,12.86,7.589933969946186,57.60709766814307,0.3018817841486299,-0.8779830571123255,0.014095769800393376,0,-0.8724472580800738,0.01963156883264507,0,-7.589933969946186
2019-07-17,6.551774752970769,13.97,7.418225247029231,55.0300658156619,0.22616509278442098,-0.6743857512118691,0.08279045445939719,0,-0.6555468895154628,0.10162931615580341,0,-7.418225247029231
2019-07-18,8.922704344807634,13.53,4.607295655192365,21.227173254354444,0.07578592520176519,-0.4483130949569977,-0.03200273108617383,1,-0.4820953362465684,-0.06578497237574447,1,-4.607295655192365
2019-07-19,6.302329718522394,14.45,8.147670281477605,66.38453101567336,0.2659224382928769,-0.7639900805522609,0.0657849723757446,0,-0.7475962707765845,0.08217878215142083,0,-8.147670281477605
2019-07-22,6.853150885799295,13.53,6.676849114200705,44.580314093802734,0.18671612932452586,-0.7459858847158436,-0.06578497237574447,1,-0.752882463774904,-0.07268155143480494,1,-6.676849114200705
2019-07-23,2.5200882854665787,12.61,10.089911714533422,101.80631840707878,0.8100446120960778,-1.680615507357729,-0.07041929220586848,1,-1.6724521967185682,-0.06225598156670755,1,-10.089911714533422
2019-07-26,1.2729828880822058,12.16,10.887017111917794,118.52714159519087,1.3614750920208127,-2.303383772856891,-0.0465947736059963,1,-2.290745373985168,-0.03395637473427347,1,-10.887017111917794
2019-07-29,0.9996231688101644,12.83,11.830376831189836,139.95781596795328,1.6300760324191166,-2.498528778746571,0.05363430208952412,0,-2.4977060719951076,0.05445700884098765,0,-11.830376831189836
2019-07-30,3.2958196037235434,13.94,10.644180396276456,113.298576308476,0.678536479584334,-1.3591312999581568,0.08297622670483266,0,-1.362244142938647,0.07986338372434264,0,-10.644180396276456
2019-07-31,5.131564472723871,16.12,10.988435527276131,120.74571533710427,0.4629854240023752,-0.9993518271989585,0.1452983317461045,0,-0.9914295675432476,0.15322059140181546,0,-10.988435527276131
2019-08-01,8.119631754150292,17.87,9.750368245849709,95.06968092967432,0.2432107567268691,-0.6857759344073615,0.10306259209285434,0,-0.6407318466609035,0.14810667983931242,0,-9.750368245849709
2019-08-02,9.168361612893465,17.61,8.441638387106535,71.26125865867061,0.17334214279583904,-0.6673647270346735,-0.014656406663221957,1,-0.6572409060350308,-0.0045325856635792606,1,-8.441638387106535
2019-08-05,3.034593567162352,24.59,21.55540643283765,464.63554648481875,1.2156699837339695,-1.7583894222318621,0.3338729337199865,0,-1.8836527706070654,0.2086095853447832,0,-21.55540643283765
2019-08-06,16.173713545995426,20.17,3.9962864540045757,15.970305422460466,0.022678832354609435,-0.4189525524819633,-0.19814350426198063,1,-0.3207508436516396,-0.099941795431657,1,-3.9962864540045757
2019-08-13,5.047377385707824,17.52,12.472622614292176,155.5663148785526,0.5325666232179225,-1.4299302156645257,-0.18545590898243783,1,-1.4388988856472862,-0.19442457896519835,1,-12.472622614292176
2019-08-15,11.7145151058452,21.18,9.4654848941548,89.59540428147271,0.14532191329466215,-0.6347489283001987,-0.04252026835044681,1,-0.6109382796064801,-0.018709619656728176,1,-9.4654848941548
2019-08-16,5.759382871235923,18.47,12.710617128764076,161.5597877940307,0.47714111867136855,-1.3022270116158343,-0.13690954596211183,1,-1.2686184716138809,-0.10330100596015857,1,-12.710617128764076
2019-08-22,2.2600284518201432,16.68,14.419971548179856,207.93557945031654,1.1343263068839433,-1.9446325375270228,0.05420045689767944,0,-1.964683334572584,0.034149659852118354,0,-14.419971548179856
2019-08-23,11.487549027272337,19.87,8.382450972727664,70.26548431018297,0.12608263202617032,-0.3729466413778297,0.1750006596331249,0,-0.3406562941158946,0.20729100689506003,0,-8.382450972727664
2019-08-26,22.42274080858985,19.32,3.10274080858985,9.627000525288796,0.01166252057717454,0.12086460198456134,-0.028070227779353526,0,0.09748626792787309,-0.05144856183604188,0,3.10274080858985
2019-08-27,19.425907634711685,20.31,0.8840923652883141,0.7816193103610859,0.0009758506075507878,0.005466791459439241,0.04997254680792123,1,-0.038084394681651715,0.006421360666830277,0,-0.8840923652883141
2019-08-28,21.613569377016685,19.35,2.263569377016683,5.123746324567695,0.0063514196908291964,0.06220795375425407,-0.048420956116502364,0,0.050460388404303606,-0.060168521466452726,0,2.263569377016683
2019-08-29,15.76297946328541,17.88,2.1170205367145893,4.481775952871328,0.0076170549317153835,-0.20502830067525846,-0.0790096497304228,1,-0.1878269383167118,-0.06180828737187624,1,-2.1170205367145893
2019-08-30,10.2210748197776,18.98,8.7589251802224,76.71877031273401,0.15745221319339064,-0.5592310222239104,0.05970302343641376,0,-0.5625811091091925,0.05635293655113178,0,-8.7589251802224
2019-09-03,16.026166855727904,19.66,3.6338331442720957,13.204743320410426,0.01952946748935025,-0.16916297831590074,0.03520032153723869,0,-0.26839304458696034,-0.06402974473382096,1,-3.6338331442720957
2019-09-04,18.30771908810279,17.33,0.9777190881027913,0.9559346152405538,0.0015340447521288159,-0.07126333571462187,-0.12614701099150588,1,0.004254190313826929,-0.05062948496305705,0,0.9777190881027913
2019-09-05,13.658126235042102,16.27,2.611873764957897,6.821884564075341,0.014455134152286497,-0.23810443065978878,-0.06311618249656815,1,-0.21416168111035147,-0.039173432947130875,1,-2.611873764957897
2019-09-06,11.497077861937917,15.0,3.5029221380620825,12.27046350532543,0.03242915444606487,-0.34723001711227325,-0.08127272012873638,1,-0.32548327629756385,-0.05952597931402686,1,-3.5029221380620825
2019-09-09,9.17037561351917,15.27,6.09962438648083,37.20541765615164,0.11046037388851437,-0.49207195454740227,0.017839918128331016,0,-0.5092567793015029,0.0006550933742301313,0,-6.09962438648083
2019-09-10,13.378402831623719,15.2,1.8215971683762806,3.3182162438364835,0.007811831138972991,-0.13224844148940706,-0.004594691378310417,1,-0.14913195941946167,-0.021478209308365033,1,-1.8215971683762806
2019-09-11,17.952252459877723,14.61,3.3422524598777237,11.170651505558695,0.022755346672737042,0.16642016443940102,-0.039589202089622626,0,0.15790389940790897,-0.04810546712111464,0,3.3422524598777237
2019-09-12,18.22969294415056,14.22,4.00969294415056,16.077637506370785,0.0335732730851086,0.22134551934949923,-0.02705680138751319,0,0.21588475492632136,-0.03251756581069106,0,4.00969294415056
2019-09-13,17.57651746083489,13.74,3.836517460834889,14.718866227290984,0.03297003343683813,0.21191435160489694,-0.03433813758089157,0,0.21614268771441802,-0.030109801471370455,0,3.836517460834889
2019-09-16,16.44482327182005,14.67,1.7748232718200487,3.1499976461940227,0.0067770406389626725,0.17969944616821715,0.06549330536068707,1,0.09932088626650286,-0.014885254541027335,0,1.7748232718200487
2019-09-17,18.501074859686664,14.44,4.061074859686665,16.492329015979063,0.03341117371400415,0.23202423876522227,-0.01580245869021021,0,0.21512623614449766,-0.032700461310934646,0,4.061074859686665
2019-09-18,16.977621227144436,13.95,3.0276212271444365,9.166490295055583,0.02061720955156976,0.1618939449747402,-0.034522625197305604,0,0.1501898526768123,-0.04622671749523348,0,3.0276212271444365
2019-09-19,14.951034325128346,14.05,0.9010343251283448,0.8118628550594917,0.00197246965759712,0.0693009748034199,0.007142887512380204,1,0.01965778661228902,-0.04250030067875067,0,0.9010343251283448
2019-09-20,14.81393865262452,15.32,0.5060613473754803,0.2560980873074865,0.0005579008810228103,0.05294614262715833,0.08653676853269039,1,0.06080613307453539,0.09439675898006752,1,-0.5060613473754803
2019-09-23,16.796857918479194,14.91,1.886857918479194,3.560232804527637,0.007390115381199269,0.09203267594277405,-0.027127035535798243,0,0.09007636622201314,-0.029083345256559076,0,1.886857918479194
2019-09-24,14.94277176150875,17.05,2.107228238491251,4.44041084909494,0.008331415995562974,0.0021955599255709213,0.13411807495287872,1,0.011629592158929603,0.14355210718623745,1,-2.107228238491251
2019-09-25,19.317769870515857,15.96,3.357769870515856,11.274618503344069,0.019446784398351458,0.1248751872594405,-0.06606461170786312,0,0.1248751872594405,-0.06606461170786312,0,3.357769870515856
2019-09-26,12.28693189618675,16.07,3.7830681038132496,14.311604278089176,0.03300609989968395,-0.2615493419051706,0.00686858772775858,0,-0.27832513141000775,-0.009907201777078678,1,-3.7830681038132496
2019-09-27,9.51539188355607,17.22,7.704608116443929,59.36098622797366,0.14573873910360535,-0.5240434939791057,0.06911731925016337,0,-0.5051987152046313,0.0879620980246376,0,-7.704608116443929
2019-09-30,10.551377773213982,16.24,5.688622226786016,32.360422839083895,0.08093626884476568,-0.48981505298680483,-0.05859416426605282,1,-0.49039560452705844,-0.059174715806306524,1,-5.688622226786016
2019-10-01,4.8954317380324825,18.56,13.664568261967517,186.72042578596998,0.5964687413479799,-1.199174862838086,0.13353139262452257,0,-1.1855354697447675,0.1471707857178413,0,-13.664568261967517
2019-10-02,11.271908035853398,20.56,9.2880919641466,86.26865233444465,0.14927837893303497,-0.49869511143109996,0.10233871322890992,0,-0.5088801364894654,0.09215368817054456,0,-9.2880919641466
2019-10-03,13.077275257745168,19.12,6.042724742254833,36.51452231065874,0.06381680789248101,-0.45247142988625444,-0.07261253296370898,1,-0.4303411930838509,-0.050482296161305416,1,-6.042724742254833
2019-10-04,4.546750509518574,17.04,12.493249490481425,156.08128283141437,0.5879787988585543,-1.4363221035361227,-0.11517138622208563,1,-1.4518906587760463,-0.13073994146200932,1,-12.493249490481425
2019-10-09,6.411671737836729,18.64,12.228328262163272,149.53201208722103,0.41116357647101975,-1.1515151402586212,-0.08432536946553726,1,-1.134607726069331,-0.06741795527624724,1,-12.228328262163272
2019-10-10,4.031817240020217,17.57,13.538182759979783,183.28239244261383,0.7014473697262047,-1.5310926068916324,-0.059116907058439326,1,-1.5648510868165868,-0.09287538698339375,1,-13.538182759979783
2019-10-11,2.676860431973985,15.58,12.903139568026015,166.49101071195858,0.9331573049006361,-1.8815482750027401,-0.12020486175640367,1,-1.8689478791966025,-0.10760446595026613,1,-12.903139568026015
2019-10-16,2.4287983836233105,13.68,11.25120161637669,126.58953781235745,0.9060820109726206,-1.718251624769413,0.010286644710275525,0,-1.747365762617662,-0.018827493137973446,1,-11.25120161637669
2019-10-17,8.373524315526847,13.79,5.416475684473152,29.3382088404889,0.10608596748190702,-0.4908600511396401,0.008008779610806047,0,-0.498868830750446,0.0,0,-5.416475684473152
2019-10-18,12.978966412400641,14.25,1.2710335875993586,1.6155263808056963,0.00423148837357834,-0.060613612944785976,0.03281321490944922,0,-0.08991188574679056,0.003514942107444592,0,-1.2710335875993586
2019-10-21,16.124995994995324,14.0,2.1249959949953237,4.515607978746166,0.01047214351978809,0.1236137075947627,-0.017699577099400975,0,0.12431570832559266,-0.016997576368571136,0,2.1249959949953237
2019-10-22,15.941559061969624,14.46,1.481559061969623,2.1950172541043096,0.004915872914072361,0.12987214711758263,0.03232888711536007,1,0.13058668805545137,0.03304342805322885,1,1.481559061969623
2019-10-23,16.20801605230689,14.01,2.1980160523068886,4.831274566198759,0.01115450541168217,0.11411972116927616,-0.03161485638170311,0,0.08885378175005416,-0.05688079580092506,0,2.1980160523068886
2019-10-24,14.089858715969644,13.71,0.37985871596964316,0.14429264409810602,0.00037688468275498543,0.005683938255874453,-0.02164586677469255,0,0.007827561799125646,-0.019502243231441122,0,0.37985871596964316
2019-10-25,12.326501576482174,12.65,0.323498423517826,0.10465123001851871,0.00033267299585482135,-0.1063739493030962,-0.0804682784006938,1,-0.09315789791156974,-0.06725222700916733,1,-0.323498423517826
2019-10-28,9.739621818565215,13.11,3.370378181434784,11.359449085891644,0.04008847906134938,-0.26145492593560765,0.035718082602079246,0,-0.2895160032864923,0.00765700525119454,0,-3.370378181434784
2019-10-29,11.650563135749554,13.2,1.5494368642504455,2.4007545962982535,0.0074807322912373575,-0.11802078109955447,0.006841531816716784,0,-0.12182740922111718,0.0030349036951538896,0,-1.5494368642504455
2019-10-30,12.470896891499347,12.33,0.14089689149934692,0.019851934034178738,6.479683885585175e-05,-0.05681914854938487,-0.06818151241607213,1,-0.059089297083924075,-0.07045166095061146,1,0.14089689149934692
2019-10-31,10.454878875123992,13.22,2.765121124876009,7.6458948352355645,0.025500125929554418,-0.16496656971676088,0.06969551724728738,0,-0.15518654066312135,0.07947554630092687,0,-2.765121124876009
2019-11-01,12.76561476177501,12.3,0.4656147617750097,0.21679710638279903,0.0006989115744342467,-0.03497562493870752,-0.07213157204516843,1,-0.017424621197675492,-0.054580568304136275,1,0.4656147617750097
2019-11-04,7.983523625447095,12.83,4.846476374552905,23.488333249099473,0.09666068209760192,-0.43221939130072057,0.042186916249173145,0,-0.4626460779314285,0.011760229618465122,0,-4.846476374552905
2019-11-05,8.6345514772833,13.1,4.4654485227167005,19.940230509032762,0.07596652933644399,-0.3960144107886924,0.020826051579560797,0,-0.397572043502376,0.019268418865876987,0,-4.4654485227167005
2019-11-06,8.730557760649369,12.62,3.8894422393506307,15.127760933244849,0.060256908278430554,-0.4057829722877333,-0.037329373094038755,1,-0.41187127115498856,-0.043417671961294126,1,-3.8894422393506307
2019-11-07,5.469299222663113,12.73,7.260700777336887,52.71777577802048,0.2744495049988154,-0.8361323617449934,0.008678555456248249,0,-0.8337523526881822,0.01105856451305948,0,-7.260700777336887
2019-11-08,4.614413493355933,12.07,7.455586506644067,55.58577015805309,0.3438426113377129,-1.0147766397208744,-0.053238377459875044,1,-1.034224938427503,-0.07268667616650379,1,-7.455586506644067
2019-11-11,1.007337438662077,12.69,11.682662561337922,136.48460452208676,1.6128840439281253,-2.4834123844931386,0.050091246616856135,0,-2.569111108007472,-0.03560747689747727,1,-11.682662561337922
2019-11-12,2.1180699028398284,12.68,10.561930097160172,111.55436737729788,0.9565609113585383,-1.7903090309180394,-0.0007883327172164291,1,-1.7863611379104547,0.003159560290368518,0,-10.561930097160172
2019-11-13,1.8953624259619466,13.0,11.104637574038053,123.31297565073774,1.0713363930974285,-1.900615874955591,0.024923408452456934,0,-1.9185921308050624,0.006947152602985488,0,-11.104637574038053
2019-11-14,2.18823983484303,13.05,10.861760165156971,117.9778338853908,0.9533718548832288,-1.7818518651781299,0.003838776307165667,0,-1.7940844336137642,-0.008393792128468735,1,-10.861760165156971
2019-11-15,1.874241551687389,12.05,10.175758448312612,103.5460599984055,1.0163993060978984,-1.940584061947581,-0.0797234738320384,1,-1.9328917163244252,-0.0720311282088826,1,-10.175758448312612
2019-11-20,0.2533603227827725,12.78,12.526639677217227,156.91670160283292,2.9406488030849895,-3.9270643215536207,-0.006240269860084623,1,-3.969688734287683,-0.04886468259414708,1,-12.526639677217227
2019-11-22,0.6783802677174317,12.34,11.661619732282569,135.99337478036216,1.9558673896725378,-2.9629469697435966,-0.062053669837463084,1,-2.9390537329214155,-0.03816043301528228,1,-11.661619732282569
2019-12-02,0.9903544114982163,14.91,13.919645588501783,193.75653330949717,1.7781466976770335,-2.5449752656178655,0.16674927166358008,0,-2.5505066902310944,0.16121784705035078,0,-13.919645588501783
2019-12-03,6.484812231920387,15.96,9.475187768079614,89.77918324036554,0.30693928477145405,-0.8325692656417023,0.06805346324501578,0,-0.8170231600514248,0.08359956883529335,0,-9.475187768079614
2019-12-04,6.009677775755791,14.8,8.79032222424421,77.26976480604168,0.3073153575158569,-0.9767144595947618,-0.07545841125159339,1,-1.0026899459980223,-0.10143389765485385,1,-8.79032222424421
2019-12-19,1.5611675936748415,12.5,10.938832406325158,119.65805441366945,1.205188053011546,-2.0866742524815978,-0.00637960696403904,1,-2.0842866667870963,-0.003992021269537561,1,-10.938832406325158
2019-12-20,2.9594697751743886,12.51,9.55053022482561,91.21262757530754,0.6780865295492688,-1.4407185220266352,0.0007996801705642441,0,-1.4447105432961727,-0.0031923410989732072,1,-9.55053022482561
2019-12-23,3.0479354633435647,12.61,9.562064536656434,91.43307820318263,0.6617334941742716,-1.4120638603222928,0.007961825498008442,0,-1.435761651752116,-0.015735965931814817,1,-9.562064536656434
2019-12-24,2.8066460328686187,12.67,9.863353967131381,97.28575148092635,0.7287658303878541,-1.5024999621272448,0.004746844356219477,0,-1.5056670273239459,0.0015797791595184333,0,-9.863353967131381
2019-12-26,2.4603200011252793,12.65,10.189679998874722,103.82957847946754,0.8318574916246106,-1.6389455710904308,-0.0015797791595183908,1,-1.6444552269014006,-0.007089434970488037,1,-10.189679998874722
2019-12-27,2.3903385487595328,13.43,11.039661451240466,121.87412495800476,0.9040410023304457,-1.6662222070611943,0.059833795361616836,0,-1.6630551418644932,0.06300086055831801,0,-11.039661451240466
2019-12-30,4.400008732503355,14.82,10.419991267496645,108.57621801470634,0.5112677698933552,-1.115884484953047,0.09848660933279475,0,-1.138704761212104,0.07566633307373752,0,-10.419991267496645
2019-12-31,7.25795695786378,13.78,6.522043042136219,42.53704544347747,0.16782213369418564,-0.7138792413972396,-0.07275935428242843,1,-0.715227859268533,-0.07410797215372196,1,-6.522043042136219
2020-01-02,2.81683215961578,12.47,9.65316784038422,93.18364935462816,0.7136015594866505,-1.5876053597173645,-0.0998925058935674,1,-1.5641094183484339,-0.07639656452463663,1,-9.65316784038422
2020-01-06,1.9254345975354445,13.85,11.924565402464555,142.19526003765466,1.1121540739797098,-1.9853331743942908,-0.012199648973096491,1,-2.0824572961316012,-0.10932377071040696,1,-11.924565402464555
2020-01-07,0.3760368701701687,13.79,13.413963129829831,179.93440684843412,2.6292805818109692,-3.606353314069841,-0.0043415408281371245,1,-3.605631031626017,-0.0036192583843130685,1,-13.413963129829831
2020-01-08,1.1336363537381464,13.45,12.316363646261852,151.69281346696053,1.5578338586468603,-2.4985132136430224,-0.02496458575736234,1,-2.5932299020520375,-0.11968127416637755,1,-12.316363646261852
2020-01-09,0.09337804924614,12.54,12.44662195075386,154.91839798498782,3.907468930761678,-4.970078086194373,-0.0700555708430735,1,-4.932194768292072,-0.032172252940772146,1,-12.44662195075386
2020-01-22,1.6110311965967985,12.91,11.298968803403202,127.66669602027879,1.2059171394103192,-2.076469342593477,0.00465839351732231,0,-2.044846154162965,0.03628158194783461,0,-11.298968803403202
2020-01-23,1.3294277897883753,12.98,11.650572210211624,135.73583282535537,1.3810823421482201,-2.273253588443587,0.005407506417392934,0,-2.3000033683427525,-0.021342273481772436,1,-11.650572210211624
2020-01-24,1.04092832048974,14.56,13.51907167951026,182.76529907573635,1.7096574416083286,-2.523296780411767,0.11486833149259595,0,-2.5054183407402584,0.13274677116410485,0,-13.51907167951026
2020-01-27,4.293021196156767,18.23,13.936978803843234,194.23937817877558,0.6815699737766012,-1.2212873161619326,0.22479054592203176,0,-1.4006282448177496,0.045449617266214756,0,-13.936978803843234
2020-01-28,11.117204299855466,16.28,5.162795700144535,26.6544594414309,0.06431847223830389,-0.49457474336090224,-0.11313122811617742,1,-0.42118384389423896,-0.03974032864951411,1,-5.162795700144535
2020-01-29,1.3722055200388428,16.39,15.017794479961157,225.5341510423518,1.5639741970908854,-2.4735180465423148,0.0067340321813441194,0,-2.4359667008901824,0.04428537783347666,0,-15.017794479961157
2020-02-03,0.5648214496877156,17.97,17.405178550312282,302.9402403682508,2.4913806718460783,-3.507227885180034,-0.04727856835274938,1,-3.4965554252892623,-0.0366061084619776,1,-17.405178550312282
2020-02-11,0.8665319185097845,15.18,14.313468081490216,204.87536851983918,1.9203188954369121,-2.8539696528929808,0.009265453445790191,0,-2.845288463147934,0.017946643190836824,0,-14.313468081490216
2020-02-12,2.9932019413229853,13.74,10.746798058677015,115.49366851398406,0.7418134362504352,-1.6236350741658563,-0.0996674851732806,1,-1.6023293414879856,-0.07836175249540975,1,-10.746798058677015
2020-02-14,2.6766602295741,13.68,11.0033397704259,121.07348610343628,0.8270273752815922,-1.6651447896929477,-0.03377971189484227,1,-1.6630223976687968,-0.03165731987069161,1,-11.0033397704259
2020-02-18,3.4889083206131595,14.83,11.34109167938684,128.62036048025743,0.6823234409520367,-1.3663460270294283,0.08071724395543628,0,-1.4571270929240974,-0.0100638219392327,1,-11.34109167938684
2020-02-19,8.260277401116744,14.38,6.119722598883257,37.45100468728245,0.1288083736645249,-0.5851939855105649,-0.03081380385694006,1,-0.5736645258192297,-0.01928434416560476,1,-6.119722598883257
2020-02-20,8.134789911782358,15.56,7.425210088217643,55.13374485416905,0.17135501185146307,-0.5696884371818844,0.07886516645734483,0,-0.580753556994357,0.0678000466448724,0,-7.425210088217643
2020-02-21,10.903377534010733,17.08,6.176622465989265,38.15066508736331,0.08720663161878295,-0.3556309120079764,0.09320466961017813,0,-0.46336649698524535,-0.014530915367090958,1,-6.176622465989265
2020-02-24,13.68819171828294,25.03,11.34180828171706,128.6366150992257,0.15041298567202088,-0.22137464556507253,0.3821669170832592,0,-0.48580846581689807,0.11773309683143358,0,-11.34180828171706
2020-02-25,30.636560376978952,27.85,2.786560376978951,7.764918734549073,0.004694914938127237,0.20211897389018849,0.1067578609296101,1,0.3225523423893688,0.22719122942879047,1,2.786560376978951
2020-02-26,28.722554167774465,27.56,1.1625541677744664,1.3515321930097821,0.0008654346122751733,0.03084970727071924,-0.010467520227835274,0,0.07564427381817149,0.03432704631961688,1,1.1625541677744664
2020-02-27,15.726339294049563,39.16,23.433660705950434,549.1364540816054,0.31391076148369335,-0.5610284774528077,0.35129037151685183,0,-0.6102332353263542,0.30208561364330533,0,-23.433660705950434
2020-02-28,33.12599045371,40.11,6.984009546289997,48.77638934266981,0.01718609063916121,-0.16733763331357537,0.023969862119651842,0,-0.23782751106812036,-0.04652001563489293,1,-6.984009546289997
2020-03-02,15.800815194207056,33.42,17.619184805792948,310.4356732206851,0.22188817823175055,-0.9315641465099276,-0.18247115661471383,1,-0.7912785068198409,-0.04218551692462713,1,-17.619184805792948
2020-03-06,6.431489459688443,41.94,35.508510540311555,1260.8543207914167,1.0283836443206735,-1.8181278875925442,0.05690598420336896,0,-1.8635229533297728,0.011510918466140272,0,-35.508510540311555
2020-03-09,18.63134240423423,54.46,35.828657595765776,1283.6927051146247,0.41473183316935813,-0.8113947874049693,0.2612264617718398,0,-0.8113947874049693,0.2612264617718398,0,-35.828657595765776
2020-03-10,46.14211430527344,47.3,1.1578856947265592,1.3406992820524066,0.00030460711112034744,-0.16574041185517988,-0.14095619174772628,1,-0.07387636223478954,-0.04909214212733615,1,-1.1578856947265592
2020-03-11,17.720422563203623,53.9,36.17957743679638,1308.9618235051457,0.4411774834314004,-0.9817925039233598,0.13062018241706422,0,-1.0811306933936482,0.03128199294677571,0,-36.17957743679638
2020-03-12,23.790821568521313,75.47,51.67917843147869,2670.7374833526123,0.4696708469634421,-0.8178306200004409,0.3366047483818256,0,-0.9490866987878281,0.20534866959443834,0,-51.67917843147869
2020-03-13,70.94288217531302,57.83,13.112882175313018,171.94767894364188,0.0223813792387344,-0.061860149424298384,-0.26622755412665017,1,-0.005161493167733589,-0.20952889787008544,1,13.112882175313018
2020-03-16,2.355604138821625,82.69,80.33439586117838,6453.615158380514,2.5867886172566448,-3.2007104430696267,0.3575910035639485,0,-3.2007104430696267,0.3575910035639485,0,-80.33439586117838
2020-03-17,71.54016874348765,75.91,4.369831256512342,19.09542521039223,0.0017233855766027872,-0.14483958317677587,-0.08555024770539854,1,-0.14483958317677587,-0.08555024770539854,1,-4.369831256512342
2020-03-18,30.548209675691464,76.45,45.901790324308536,2106.9743549767845,0.3169150199814881,-0.9102423472153229,0.0070885043463945795,0,-0.8201484165838561,0.09718243497786144,0,-45.901790324308536
2020-03-19,21.183127141006175,72.0,50.816872858993825,2582.354567167143,0.5176712429821682,-1.2834319571605428,-0.05997081335901607,1,-1.3365417824744912,-0.11308063867296442,1,-50.816872858993825
2020-03-20,24.875008780907205,66.04,41.1649912190928,1694.5565020679871,0.3530627731469713,-1.0628024829701666,-0.086405499964128,1,-1.0035831233101953,-0.027186140304156718,1,-41.1649912190928
2020-03-23,6.43284497865246,61.59,55.15715502134754,3042.3117500489643,1.3635288825542862,-2.328843724744533,-0.06976109935297539,1,-2.4437286960305293,-0.18464607063897195,1,-55.15715502134754
2020-03-24,27.600521845916642,61.67,34.069478154083356,1160.7293416915631,0.2515147469408363,-0.8026648396938435,0.0012980693044495892,0,-0.7556266713005682,0.04833623769772504,0,-34.069478154083356
2020-03-25,55.22432794459205,63.95,8.725672055407955,76.13735281852729,0.010252724501260913,-0.11039400917657317,0.036303939021450266,0,-0.10665750901258836,0.04004043918543511,0,-8.725672055407955
2020-03-26,87.47884025906625,61.0,26.478840259066246,701.1289814651474,0.07355627417422461,0.3132954104835178,-0.04722766385154046,0,0.2867547383054882,-0.07376833602957009,0,26.478840259066246
2020-03-27,97.88166500584973,65.54,32.34166500584972,1045.9832953506043,0.09236591972573471,0.4728853849414993,0.07178677909735734,1,0.4101415059982019,0.009042900154060049,1,32.34166500584972
2020-03-30,123.30579462119941,57.08,66.22579462119941,4385.855873209285,0.39001404371874826,0.6320067619121306,-0.13820685066203303,0,0.6204775079909824,-0.1497361045831811,0,66.22579462119941
2020-03-31,103.91311187515268,53.54,50.37311187515268,2537.450399986648,0.27772400458427127,0.5991012946003207,-0.06402475451642924,0,0.6059572588727441,-0.05716879024400592,0,50.37311187515268
2020-04-01,103.98456548356945,57.06,46.92456548356945,2201.914845821798,0.22223320231893795,0.6638134412236567,0.06367430769314765,1,0.5945466687626443,-0.005592464767864838,0,46.92456548356945
2020-04-02,129.25787548244372,50.91,78.34787548244373,6138.389592612507,0.6071985685382963,0.8177060979128045,-0.11404397787110943,0,0.8643429564525448,-0.067407119331369,0,78.34787548244373
2020-04-03,123.18095893679772,46.8,76.38095893679773,5834.05088810478,0.6643004900071265,0.8835951171560275,-0.08417616499064363,0,0.8796743122900837,-0.08809696985658722,0,76.38095893679773
2020-04-06,134.25580145259525,45.24,89.01580145259524,7923.812908247857,0.8798695735296307,1.053863743331276,-0.03390155167568123,0,1.1117011206464418,0.023935825639484588,1,89.01580145259524
2020-04-07,143.91973485310518,46.7,97.21973485310518,9451.676844908074,0.9562814548953891,1.1572740960712684,0.031762513426932,1,1.1663781891518399,0.0408666065075037,1,97.21973485310518
2020-04-08,158.16650618013273,43.35,114.81650618013273,13182.830091412457,1.3542513799803082,1.219904150039274,-0.07443746144830075,0,1.2371831976476262,-0.05715841383994852,0,114.81650618013273
2020-04-09,160.0976088020853,41.67,118.42760880208529,14025.098526579748,1.496033009625588,1.3064769810123957,-0.03952525779218881,0,1.3145835685453844,-0.03141867025920034,0,118.42760880208529
2020-04-13,163.58541242777008,41.17,122.41541242777008,14985.533199861045,1.5937875626781253,1.3675538086693275,-0.01207160965254878,0,1.2996013950776713,-0.08002402324420507,0,122.41541242777008
2020-04-14,165.23726022000943,37.76,127.47726022000944,16250.451873200002,1.899854723797258,1.389672545999326,-0.08645949450451353,0,1.4125208559896554,-0.06361118451418396,0,127.47726022000944
2020-04-15,152.9032365497309,40.84,112.0632365497309,12558.168986000945,1.4238145127749773,1.3985549391886267,0.07841165201916492,1,1.3560394641620386,0.03589617699257674,1,112.0632365497309
2020-04-16,165.95760627011947,40.11,125.84760627011947,15837.620003919013,1.7174551695898814,1.4020703785291102,-0.018036313514503445,0,1.3759693318127884,-0.04413736023082526,0,125.84760627011947
2020-04-17,156.89855331802696,38.15,118.74855331802695,14101.21891512429,1.6986013726495028,1.3639737595067858,-0.050099922051495466,0,1.3792987673816712,-0.034774914176610244,0,118.74855331802695
2020-04-20,145.0744429141927,43.83,101.2444429141927,10250.437221005224,1.113006318724418,1.3357212523539475,0.1387927567002517,1,1.2715104389040544,0.07458194325035866,1,101.2444429141927
2020-04-21,153.64534443802773,45.41,108.23534443802774,11714.889785618501,1.164598777566443,1.2543284739016825,0.03541383067914189,1,1.2441138804919643,0.02519923726942354,1,108.23534443802774
2020-04-22,143.5224271596139,41.98,101.54242715961391,10310.864513465496,1.1895306648829855,1.1507589647048801,-0.07853903071737288,0,1.161830822715093,-0.06746717270715977,0,101.54242715961391
2020-04-23,124.87372196018201,41.38,83.493721960182,6971.201606764178,0.9132259884699063,1.0901096879707604,-0.014395642075089799,0,1.1064405023962602,0.001935172350409965,1,83.493721960182
2020-04-24,116.41553899506147,35.93,80.48553899506146,6477.921987325559,1.064471676882591,1.0343683505912193,-0.14122507119196964,0,1.0216415609716363,-0.15395186081155268,0,80.48553899506146
2020-04-27,93.86318282661625,33.29,60.573182826616254,3669.110477746678,0.7829797454198608,0.9602656190283156,-0.07631554953849375,0,0.9502959989287642,-0.08628516963804538,0,60.573182826616254
2020-04-28,89.69055950221298,33.57,56.12055950221298,3149.517198841427,0.6890146713809524,0.9911084667018347,0.008375759405010074,1,0.9935144829001131,0.010781775603288413,1,56.12055950221298
2020-04-29,97.99792686203767,31.23,66.76792686203767,4457.956057454411,0.9943747897455371,1.0713135129858662,-0.0722536396969564,0,1.1043218086843325,-0.039245343998489925,0,66.76792686203767
2020-04-30,94.0278286860148,34.15,59.8778286860148,3585.354368151737,0.7405489188228553,1.102211617012128,0.08938341472181185,1,1.1099262165074584,0.09709801421714225,1,59.8778286860148
2020-05-01,106.87009209264149,37.19,69.68009209264149,4855.315234038999,0.8180503213310948,1.140851418245484,0.08527732192017964,1,1.0295641375051447,-0.026009958820159836,0,69.68009209264149
2020-05-04,111.63483171836599,35.97,75.66483171836599,5725.166758968644,0.971005986886678,1.0991932054850986,-0.0333546502294461,0,1.048343677199756,-0.08420417851478862,0,75.66483171836599
2020-05-05,99.34099546300928,33.61,65.73099546300928,4320.563764558146,0.871962885366725,1.0158730726886205,-0.06786161597051829,0,1.0483663960561098,-0.03536829260302866,0,65.73099546300928
2020-05-06,86.99256779432967,34.12,52.872567794329676,2795.508425165988,0.6136673598394646,0.9509990456170367,0.015060080886463946,1,0.9787534666179318,0.04281450188735916,1,52.872567794329676
2020-05-07,82.24706320027971,31.44,50.807063200279714,2581.357671037217,0.6543540222470485,0.8798439606128614,-0.0818027550624724,0,0.9402487941577788,-0.02139792151755499,0,50.807063200279714
2020-05-08,72.89144607072411,27.98,44.91144607072411,2017.0379881635602,0.6476454108661491,0.8408903267188331,-0.1165909983236707,0,0.8831181010814896,-0.07436322396101432,0,44.91144607072411
2020-05-11,67.31621226909004,27.57,39.746212269090044,1579.761389739564,0.5489742843293262,0.8779111339315049,-0.014761744201629741,0,0.8609015105071336,-0.031771367626000996,0,39.746212269090044
2020-05-12,71.80229474454904,33.04,38.762294744549045,1502.5154938632945,0.3969954530891502,0.9571882107382439,0.18099072361707189,1,0.9250655344840032,0.14886804736283116,1,38.762294744549045
2020-05-13,89.06211129429781,35.28,53.782111294297806,2892.5154952722355,0.5984184862762885,0.9916150573857664,0.06559728248581327,1,1.000736434095555,0.07471865919560165,1,53.782111294297806
2020-05-14,93.99848820646898,32.61,61.38848820646898,3768.5464842757806,0.8238452953686497,0.9799624680921775,-0.07869724133736279,0,0.9833696264137919,-0.07529008301574838,0,61.38848820646898
2020-05-15,82.23913462816141,31.89,50.34913462816141,2535.0353578047225,0.6314989136521993,0.9250122893327725,-0.022326508779261522,0,0.9283911897983086,-0.01894760831372554,0,50.34913462816141
2020-05-18,73.03997806865736,29.3,43.739978068657365,1913.1856814466273,0.5794125959963079,0.8287144549998792,-0.08470496499894466,0,0.8664186015691144,-0.04700081842970935,0,43.739978068657365
2020-05-19,59.44496838963797,30.53,28.91496838963797,836.075396973763,0.2807589997303497,0.7074634675292152,0.041122290723764963,1,0.7271091105610387,0.06076793375558837,1,28.91496838963797
2020-05-20,64.84369350060547,27.99,36.85369350060547,1358.19472463657,0.47654122485021144,0.7532698518019422,-0.08686250321942444,0,0.786911658816457,-0.05322069620490965,0,36.85369350060547
2020-05-21,60.86435300015626,29.53,31.334353000156256,981.8416779384013,0.33786139950717375,0.7768003631972946,0.053559392228469144,1,0.7423868549433978,0.01914588397457242,1,31.334353000156256
2020-05-22,65.79294890802376,28.16,37.632948908023764,1416.238843513927,0.4877871915346066,0.8011059773809294,-0.04750416446598974,0,0.7409794776545536,-0.10763066419236544,0,37.632948908023764
2020-05-26,62.0665032125467,28.01,34.0565032125467,1159.8454110662037,0.4202245936997957,0.7903039113565213,-0.005340942017824424,0,0.8060522683246605,0.010407414950314716,1,34.0565032125467
2020-05-27,59.818946621719604,27.62,32.1989466217196,1036.772163548348,0.39300143403458065,0.7587608546426726,-0.014021441290871163,0,0.7727822959335438,0.0,0,32.1989466217196
2020-05-28,59.94070164629472,28.59,31.35070164629472,982.8664937149864,0.3562630311587123,0.7748156196495812,0.03451685835307424,1,0.7676005811354306,0.027301819838923526,1,31.35070164629472
2020-05-29,61.452978350207815,27.51,33.94297835020781,1152.1257792826761,0.43011872444229193,0.765215296366725,-0.03850743139773717,0,0.7406847866779239,-0.06303794108653837,0,33.94297835020781
2020-06-01,58.66800676143824,28.23,30.438006761438242,926.4722556093601,0.3467055983939742,0.7573449736971879,0.025835667328914673,1,0.7066698274303332,-0.0248394789379399,0,30.438006761438242
2020-06-02,60.36599609751077,26.84,33.52599609751077,1123.9924143303074,0.4385730110349628,0.7600407256254288,-0.05049193016191688,0,0.7540368227236666,-0.05649583306367924,0,33.52599609751077
2020-06-03,55.120416802567185,25.66,29.460416802567185,867.9161581809828,0.38351982715490607,0.7196268763035063,-0.04495995291599066,0,0.7229857150649718,-0.041601114154525234,0,29.460416802567185
2020-06-04,50.47831251656892,25.81,24.66831251656892,608.525642415111,0.2849839170432782,0.6766104297341174,0.005828654543031993,1,0.6546399950428254,-0.01614178014825986,0,24.66831251656892
2020-06-05,51.73785988396577,24.52,27.21785988396577,740.8118966631931,0.36332621012801924,0.695427799279851,-0.051272902662511874,0,0.7357494669632744,-0.010951234979088488,0,27.21785988396577
2020-06-08,48.54578700459132,25.81,22.73578700459132,516.9160107181435,0.24914522315008214,0.683018303479548,0.051272902662511874,1,0.6414787850382245,0.009733384221188418,1,22.73578700459132
2020-06-09,53.814640172425165,27.57,26.244640172425164,688.7811377800728,0.2831101363577486,0.7347835385827323,0.06596621130518301,1,0.7301449527626818,0.06132762548513236,1,26.244640172425164
2020-06-10,58.0318392250909,27.57,30.4618392250909,927.9236489752865,0.36062720820341765,0.7442635870483376,0.0,0,0.7752052819332154,0.030941694884877816,1,30.4618392250909
2020-06-11,55.6904738076308,40.79,14.900473807630803,222.0241196918916,0.05392507281304004,0.7030808804777995,0.3917087282937617,1,0.6037231113575988,0.29235095917356096,1,14.900473807630803
2020-06-12,86.60548188841116,36.09,50.51548188841116,2551.813910418396,0.5243612626744383,0.7529261614873437,-0.12242113467476978,0,0.8322336651086485,-0.04311363105346501,0,50.51548188841116
2020-06-15,57.9821150191102,34.4,23.582115019110205,556.1161487745431,0.16344856251840834,0.4741187825989856,-0.04795925427534472,0,0.27390160188383655,-0.24817643499049366,0,23.582115019110205
2020-06-16,41.95339957730388,33.67,8.283399577303875,68.61470855727802,0.0260649782148612,0.19850290404190782,-0.021449331206369406,0,0.2019973746916815,-0.017954860556595932,0,8.283399577303875
2020-06-17,32.70824109964511,33.47,0.7617589003548915,0.5802766222698935,0.0002629944238976556,-0.028980165625957916,-0.005957717949747924,1,-0.017329548405982578,0.005692899270227364,0,-0.7617589003548915
2020-06-18,25.577548012153912,32.94,7.362451987846086,54.20569927333878,0.029461799546487866,-0.26893457932946035,-0.015961790473741067,1,-0.2796330468988422,-0.02666025804312284,1,-7.362451987846086
2020-06-19,34.35563167655311,35.12,0.7643683234468881,0.5842589338890065,0.00024033980774174069,0.04207823030743376,0.06408304401742156,1,0.0688449413518643,0.09084975506185222,1,-0.7643683234468881
2020-06-22,44.0517403910436,31.77,12.281740391043602,150.84114703299184,0.0597405394238808,0.2265940922795987,-0.10024832048549104,0,0.22375075797845465,-0.10309165478663532,0,12.281740391043602
2020-06-23,36.39902442957966,31.37,5.0290244295796604,25.291086713309028,0.011623228442886102,0.13601952461693262,-0.012670426078837952,0,0.1379098843481014,-0.010780066347669167,0,5.0290244295796604
2020-06-24,38.10062323687322,33.84,4.260623236873215,18.152910366583992,0.0073178368039543695,0.19437861771946066,0.07579151253543588,1,0.2046318315425597,0.08604472635853476,1,4.260623236873215
